period,duoarea,area_name,product,product-name,process,process-name,series,series-description,price,units
2024-03-25,NUS,U.S.,EPD2DXL0,No 2 Diesel Low Sulfur (0-15 ppm),PTE,Retail Sales,EMD_EPD2DXL0_PTE_NUS_DPG,U.S. No 2 Diesel Ultra Low Sulfur (0-15 ppm) Retail Prices (Dollars per Gallon),4.034,$/GAL
2024-04-01,NUS,U.S.,EPD2DXL0,No 2 Diesel Low Sulfur (0-15 ppm),PTE,Retail Sales,EMD_EPD2DXL0_PTE_NUS_DPG,U.S. No 2 Diesel Ultra Low Sulfur (0-15 ppm) Retail Prices (Dollars per Gallon),3.996,$/GAL
2024-04-08,NUS,U.S.,EPD2DXL0,No 2 Diesel Low Sulfur (0-15 ppm),PTE,Retail Sales,EMD_EPD2DXL0_PTE_NUS_DPG,U.S. No 2 Diesel Ultra Low Sulfur (0-15 ppm) Retail Prices (Dollars per Gallon),4.061,$/GAL
2024-04-15,NUS,U.S.,EPD2DXL0,No 2 Diesel Low Sulfur (0-15 ppm),PTE,Retail Sales,EMD_EPD2DXL0_PTE_NUS_DPG,U.S. No 2 Diesel Ultra Low Sulfur (0-15 ppm) Retail Prices (Dollars per Gallon),4.015,$/GAL
2024-04-22,NUS,U.S.,EPD2DXL0,No 2 Diesel Low Sulfur (0-15 ppm),PTE,Retail Sales,EMD_EPD2DXL0_PTE_NUS_DPG,U.S. No 2 Diesel Ultra Low Sulfur (0-15 ppm) Retail Prices (Dollars per Gallon),3.992,$/GAL
2024-04-29,NUS,U.S.,EPD2DXL0,No 2 Diesel Low Sulfur (0-15 ppm),PTE,Retail Sales,EMD_EPD2DXL0_PTE_NUS_DPG,U.S. No 2 Diesel Ultra Low Sulfur (0-15 ppm) Retail Prices (Dollars per Gallon),3.947,$/GAL
2024-05-06,NUS,U.S.,EPD2DXL0,No 2 Diesel Low Sulfur (0-15 ppm),PTE,Retail Sales,EMD_EPD2DXL0_PTE_NUS_DPG,U.S. No 2 Diesel Ultra Low Sulfur (0-15 ppm) Retail Prices (Dollars per Gallon),3.894,$/GAL
2024-05-13,NUS,U.S.,EPD2DXL0,No 2 Diesel Low Sulfur (0-15 ppm),PTE,Retail Sales,EMD_EPD2DXL0_PTE_NUS_DPG,U.S. No 2 Diesel Ultra Low Sulfur (0-15 ppm) Retail Prices (Dollars per Gallon),3.848,$/GAL
2024-05-20,NUS,U.S.,EPD2DXL0,No 2 Diesel Low Sulfur (0-15 ppm),PTE,Retail Sales,EMD_EPD2DXL0_PTE_NUS_DPG,U.S. No 2 Diesel Ultra Low Sulfur (0-15 ppm) Retail Prices (Dollars per Gallon),3.789,$/GAL
2024-05-27,NUS,U.S.,EPD2DXL0,No 2 Diesel Low Sulfur (0-15 ppm),PTE,Retail Sales,EMD_EPD2DXL0_PTE_NUS_DPG,U.S. No 2 Diesel Ultra Low Sulfur (0-15 ppm) Retail Prices (Dollars per Gallon),3.758,$/GAL
2024-06-03,NUS,U.S.,EPD2DXL0,No 2 Diesel Low Sulfur (0-15 ppm),PTE,Retail Sales,EMD_EPD2DXL0_PTE_NUS_DPG,U.S. No 2 Diesel Ultra Low Sulfur (0-15 ppm) Retail Prices (Dollars per Gallon),3.726,$/GAL
2024-06-10,NUS,U.S.,EPD2DXL0,No 2 Diesel Low Sulfur (0-15 ppm),PTE,Retail Sales,EMD_EPD2DXL0_PTE_NUS_DPG,U.S. No 2 Diesel Ultra Low Sulfur (0-15 ppm) Retail Prices (Dollars per Gallon),3.658,$/GAL
2024-06-17,NUS,U.S.,EPD2DXL0,No 2 Diesel Low Sulfur (0-15 ppm),PTE,Retail Sales,EMD_EPD2DXL0_PTE_NUS_DPG,U.S. No 2 Diesel Ultra Low Sulfur (0-15 ppm) Retail Prices (Dollars per Gallon),3.735,$/GAL
2024-06-24,NUS,U.S.,EPD2DXL0,No 2 Diesel Low Sulfur (0-15 ppm),PTE,Retail Sales,EMD_EPD2DXL0_PTE_NUS_DPG,U.S. No 2 Diesel Ultra Low Sulfur (0-15 ppm) Retail Prices (Dollars per Gallon),3.769,$/GAL
2024-07-01,NUS,U.S.,EPD2DXL0,No 2 Diesel Low Sulfur (0-15 ppm),PTE,Retail Sales,EMD_EPD2DXL0_PTE_NUS_DPG,U.S. No 2 Diesel Ultra Low Sulfur (0-15 ppm) Retail Prices (Dollars per Gallon),3.813,$/GAL
2024-07-08,NUS,U.S.,EPD2DXL0,No 2 Diesel Low Sulfur (0-15 ppm),PTE,Retail Sales,EMD_EPD2DXL0_PTE_NUS_DPG,U.S. No 2 Diesel Ultra Low Sulfur (0-15 ppm) Retail Prices (Dollars per Gallon),3.865,$/GAL
2024-07-15,NUS,U.S.,EPD2DXL0,No 2 Diesel Low Sulfur (0-15 ppm),PTE,Retail Sales,EMD_EPD2DXL0_PTE_NUS_DPG,U.S. No 2 Diesel Ultra Low Sulfur (0-15 ppm) Retail Prices (Dollars per Gallon),3.826,$/GAL
2024-07-22,NUS,U.S.,EPD2DXL0,No 2 Diesel Low Sulfur (0-15 ppm),PTE,Retail Sales,EMD_EPD2DXL0_PTE_NUS_DPG,U.S. No 2 Diesel Ultra Low Sulfur (0-15 ppm) Retail Prices (Dollars per Gallon),3.779,$/GAL
2024-07-29,NUS,U.S.,EPD2DXL0,No 2 Diesel Low Sulfur (0-15 ppm),PTE,Retail Sales,EMD_EPD2DXL0_PTE_NUS_DPG,U.S. No 2 Diesel Ultra Low Sulfur (0-15 ppm) Retail Prices (Dollars per Gallon),3.768,$/GAL
2024-08-05,NUS,U.S.,EPD2DXL0,No 2 Diesel Low Sulfur (0-15 ppm),PTE,Retail Sales,EMD_EPD2DXL0_PTE_NUS_DPG,U.S. No 2 Diesel Ultra Low Sulfur (0-15 ppm) Retail Prices (Dollars per Gallon),3.755,$/GAL
2024-08-12,NUS,U.S.,EPD2DXL0,No 2 Diesel Low Sulfur (0-15 ppm),PTE,Retail Sales,EMD_EPD2DXL0_PTE_NUS_DPG,U.S. No 2 Diesel Ultra Low Sulfur (0-15 ppm) Retail Prices (Dollars per Gallon),3.704,$/GAL
2024-08-19,NUS,U.S.,EPD2DXL0,No 2 Diesel Low Sulfur (0-15 ppm),PTE,Retail Sales,EMD_EPD2DXL0_PTE_NUS_DPG,U.S. No 2 Diesel Ultra Low Sulfur (0-15 ppm) Retail Prices (Dollars per Gallon),3.688,$/GAL
2024-08-26,NUS,U.S.,EPD2DXL0,No 2 Diesel Low Sulfur (0-15 ppm),PTE,Retail Sales,EMD_EPD2DXL0_PTE_NUS_DPG,U.S. No 2 Diesel Ultra Low Sulfur (0-15 ppm) Retail Prices (Dollars per Gallon),3.651,$/GAL
2024-09-02,NUS,U.S.,EPD2DXL0,No 2 Diesel Low Sulfur (0-15 ppm),PTE,Retail Sales,EMD_EPD2DXL0_PTE_NUS_DPG,U.S. No 2 Diesel Ultra Low Sulfur (0-15 ppm) Retail Prices (Dollars per Gallon),3.625,$/GAL
2024-09-09,NUS,U.S.,EPD2DXL0,No 2 Diesel Low Sulfur (0-15 ppm),PTE,Retail Sales,EMD_EPD2DXL0_PTE_NUS_DPG,U.S. No 2 Diesel Ultra Low Sulfur (0-15 ppm) Retail Prices (Dollars per Gallon),3.555,$/GAL
2024-09-16,NUS,U.S.,EPD2DXL0,No 2 Diesel Low Sulfur (0-15 ppm),PTE,Retail Sales,EMD_EPD2DXL0_PTE_NUS_DPG,U.S. No 2 Diesel Ultra Low Sulfur (0-15 ppm) Retail Prices (Dollars per Gallon),3.526,$/GAL
2024-09-23,NUS,U.S.,EPD2DXL0,No 2 Diesel Low Sulfur (0-15 ppm),PTE,Retail Sales,EMD_EPD2DXL0_PTE_NUS_DPG,U.S. No 2 Diesel Ultra Low Sulfur (0-15 ppm) Retail Prices (Dollars per Gallon),3.539,$/GAL
2024-09-30,NUS,U.S.,EPD2DXL0,No 2 Diesel Low Sulfur (0-15 ppm),PTE,Retail Sales,EMD_EPD2DXL0_PTE_NUS_DPG,U.S. No 2 Diesel Ultra Low Sulfur (0-15 ppm) Retail Prices (Dollars per Gallon),3.544,$/GAL
2024-10-07,NUS,U.S.,EPD2DXL0,No 2 Diesel Low Sulfur (0-15 ppm),PTE,Retail Sales,EMD_EPD2DXL0_PTE_NUS_DPG,U.S. No 2 Diesel Ultra Low Sulfur (0-15 ppm) Retail Prices (Dollars per Gallon),3.584,$/GAL
2024-10-14,NUS,U.S.,EPD2DXL0,No 2 Diesel Low Sulfur (0-15 ppm),PTE,Retail Sales,EMD_EPD2DXL0_PTE_NUS_DPG,U.S. No 2 Diesel Ultra Low Sulfur (0-15 ppm) Retail Prices (Dollars per Gallon),3.631,$/GAL
2024-10-21,NUS,U.S.,EPD2DXL0,No 2 Diesel Low Sulfur (0-15 ppm),PTE,Retail Sales,EMD_EPD2DXL0_PTE_NUS_DPG,U.S. No 2 Diesel Ultra Low Sulfur (0-15 ppm) Retail Prices (Dollars per Gallon),3.553,$/GAL
2024-10-28,NUS,U.S.,EPD2DXL0,No 2 Diesel Low Sulfur (0-15 ppm),PTE,Retail Sales,EMD_EPD2DXL0_PTE_NUS_DPG,U.S. No 2 Diesel Ultra Low Sulfur (0-15 ppm) Retail Prices (Dollars per Gallon),3.573,$/GAL
2024-11-04,NUS,U.S.,EPD2DXL0,No 2 Diesel Low Sulfur (0-15 ppm),PTE,Retail Sales,EMD_EPD2DXL0_PTE_NUS_DPG,U.S. No 2 Diesel Ultra Low Sulfur (0-15 ppm) Retail Prices (Dollars per Gallon),3.536,$/GAL
2024-11-11,NUS,U.S.,EPD2DXL0,No 2 Diesel Low Sulfur (0-15 ppm),PTE,Retail Sales,EMD_EPD2DXL0_PTE_NUS_DPG,U.S. No 2 Diesel Ultra Low Sulfur (0-15 ppm) Retail Prices (Dollars per Gallon),3.521,$/GAL
2024-11-18,NUS,U.S.,EPD2DXL0,No 2 Diesel Low Sulfur (0-15 ppm),PTE,Retail Sales,EMD_EPD2DXL0_PTE_NUS_DPG,U.S. No 2 Diesel Ultra Low Sulfur (0-15 ppm) Retail Prices (Dollars per Gallon),3.491,$/GAL
2024-11-25,NUS,U.S.,EPD2DXL0,No 2 Diesel Low Sulfur (0-15 ppm),PTE,Retail Sales,EMD_EPD2DXL0_PTE_NUS_DPG,U.S. No 2 Diesel Ultra Low Sulfur (0-15 ppm) Retail Prices (Dollars per Gallon),3.539,$/GAL
2024-12-02,NUS,U.S.,EPD2DXL0,No 2 Diesel Low Sulfur (0-15 ppm),PTE,Retail Sales,EMD_EPD2DXL0_PTE_NUS_DPG,U.S. No 2 Diesel Ultra Low Sulfur (0-15 ppm) Retail Prices (Dollars per Gallon),3.54,$/GAL
2024-12-09,NUS,U.S.,EPD2DXL0,No 2 Diesel Low Sulfur (0-15 ppm),PTE,Retail Sales,EMD_EPD2DXL0_PTE_NUS_DPG,U.S. No 2 Diesel Ultra Low Sulfur (0-15 ppm) Retail Prices (Dollars per Gallon),3.458,$/GAL
2024-12-16,NUS,U.S.,EPD2DXL0,No 2 Diesel Low Sulfur (0-15 ppm),PTE,Retail Sales,EMD_EPD2DXL0_PTE_NUS_DPG,U.S. No 2 Diesel Ultra Low Sulfur (0-15 ppm) Retail Prices (Dollars per Gallon),3.494,$/GAL
2024-12-23,NUS,U.S.,EPD2DXL0,No 2 Diesel Low Sulfur (0-15 ppm),PTE,Retail Sales,EMD_EPD2DXL0_PTE_NUS_DPG,U.S. No 2 Diesel Ultra Low Sulfur (0-15 ppm) Retail Prices (Dollars per Gallon),3.476,$/GAL
2024-12-30,NUS,U.S.,EPD2DXL0,No 2 Diesel Low Sulfur (0-15 ppm),PTE,Retail Sales,EMD_EPD2DXL0_PTE_NUS_DPG,U.S. No 2 Diesel Ultra Low Sulfur (0-15 ppm) Retail Prices (Dollars per Gallon),3.503,$/GAL
2025-01-06,NUS,U.S.,EPD2DXL0,No 2 Diesel Low Sulfur (0-15 ppm),PTE,Retail Sales,EMD_EPD2DXL0_PTE_NUS_DPG,U.S. No 2 Diesel Ultra Low Sulfur (0-15 ppm) Retail Prices (Dollars per Gallon),3.561,$/GAL
2025-01-13,NUS,U.S.,EPD2DXL0,No 2 Diesel Low Sulfur (0-15 ppm),PTE,Retail Sales,EMD_EPD2DXL0_PTE_NUS_DPG,U.S. No 2 Diesel Ultra Low Sulfur (0-15 ppm) Retail Prices (Dollars per Gallon),3.602,$/GAL
2025-01-20,NUS,U.S.,EPD2DXL0,No 2 Diesel Low Sulfur (0-15 ppm),PTE,Retail Sales,EMD_EPD2DXL0_PTE_NUS_DPG,U.S. No 2 Diesel Ultra Low Sulfur (0-15 ppm) Retail Prices (Dollars per Gallon),3.715,$/GAL
2025-01-27,NUS,U.S.,EPD2DXL0,No 2 Diesel Low Sulfur (0-15 ppm),PTE,Retail Sales,EMD_EPD2DXL0_PTE_NUS_DPG,U.S. No 2 Diesel Ultra Low Sulfur (0-15 ppm) Retail Prices (Dollars per Gallon),3.659,$/GAL
2025-02-03,NUS,U.S.,EPD2DXL0,No 2 Diesel Low Sulfur (0-15 ppm),PTE,Retail Sales,EMD_EPD2DXL0_PTE_NUS_DPG,U.S. No 2 Diesel Ultra Low Sulfur (0-15 ppm) Retail Prices (Dollars per Gallon),3.66,$/GAL
2025-02-10,NUS,U.S.,EPD2DXL0,No 2 Diesel Low Sulfur (0-15 ppm),PTE,Retail Sales,EMD_EPD2DXL0_PTE_NUS_DPG,U.S. No 2 Diesel Ultra Low Sulfur (0-15 ppm) Retail Prices (Dollars per Gallon),3.665,$/GAL
2025-02-17,NUS,U.S.,EPD2DXL0,No 2 Diesel Low Sulfur (0-15 ppm),PTE,Retail Sales,EMD_EPD2DXL0_PTE_NUS_DPG,U.S. No 2 Diesel Ultra Low Sulfur (0-15 ppm) Retail Prices (Dollars per Gallon),3.677,$/GAL
2025-02-24,NUS,U.S.,EPD2DXL0,No 2 Diesel Low Sulfur (0-15 ppm),PTE,Retail Sales,EMD_EPD2DXL0_PTE_NUS_DPG,U.S. No 2 Diesel Ultra Low Sulfur (0-15 ppm) Retail Prices (Dollars per Gallon),3.697,$/GAL
2025-03-03,NUS,U.S.,EPD2DXL0,No 2 Diesel Low Sulfur (0-15 ppm),PTE,Retail Sales,EMD_EPD2DXL0_PTE_NUS_DPG,U.S. No 2 Diesel Ultra Low Sulfur (0-15 ppm) Retail Prices (Dollars per Gallon),3.635,$/GAL
2025-03-10,NUS,U.S.,EPD2DXL0,No 2 Diesel Low Sulfur (0-15 ppm),PTE,Retail Sales,EMD_EPD2DXL0_PTE_NUS_DPG,U.S. No 2 Diesel Ultra Low Sulfur (0-15 ppm) Retail Prices (Dollars per Gallon),3.582,$/GAL
2025-03-17,NUS,U.S.,EPD2DXL0,No 2 Diesel Low Sulfur (0-15 ppm),PTE,Retail Sales,EMD_EPD2DXL0_PTE_NUS_DPG,U.S. No 2 Diesel Ultra Low Sulfur (0-15 ppm) Retail Prices (Dollars per Gallon),3.549,$/GAL
2025-03-24,NUS,U.S.,EPD2DXL0,No 2 Diesel Low Sulfur (0-15 ppm),PTE,Retail Sales,EMD_EPD2DXL0_PTE_NUS_DPG,U.S. No 2 Diesel Ultra Low Sulfur (0-15 ppm) Retail Prices (Dollars per Gallon),3.567,$/GAL
2025-03-31,NUS,U.S.,EPD2DXL0,No 2 Diesel Low Sulfur (0-15 ppm),PTE,Retail Sales,EMD_EPD2DXL0_PTE_NUS_DPG,U.S. No 2 Diesel Ultra Low Sulfur (0-15 ppm) Retail Prices (Dollars per Gallon),3.592,$/GAL
2025-04-07,NUS,U.S.,EPD2DXL0,No 2 Diesel Low Sulfur (0-15 ppm),PTE,Retail Sales,EMD_EPD2DXL0_PTE_NUS_DPG,U.S. No 2 Diesel Ultra Low Sulfur (0-15 ppm) Retail Prices (Dollars per Gallon),3.639,$/GAL
2025-04-14,NUS,U.S.,EPD2DXL0,No 2 Diesel Low Sulfur (0-15 ppm),PTE,Retail Sales,EMD_EPD2DXL0_PTE_NUS_DPG,U.S. No 2 Diesel Ultra Low Sulfur (0-15 ppm) Retail Prices (Dollars per Gallon),3.579,$/GAL
2025-04-21,NUS,U.S.,EPD2DXL0,No 2 Diesel Low Sulfur (0-15 ppm),PTE,Retail Sales,EMD_EPD2DXL0_PTE_NUS_DPG,U.S. No 2 Diesel Ultra Low Sulfur (0-15 ppm) Retail Prices (Dollars per Gallon),3.534,$/GAL
2025-04-28,NUS,U.S.,EPD2DXL0,No 2 Diesel Low Sulfur (0-15 ppm),PTE,Retail Sales,EMD_EPD2DXL0_PTE_NUS_DPG,U.S. No 2 Diesel Ultra Low Sulfur (0-15 ppm) Retail Prices (Dollars per Gallon),3.514,$/GAL
2025-05-05,NUS,U.S.,EPD2DXL0,No 2 Diesel Low Sulfur (0-15 ppm),PTE,Retail Sales,EMD_EPD2DXL0_PTE_NUS_DPG,U.S. No 2 Diesel Ultra Low Sulfur (0-15 ppm) Retail Prices (Dollars per Gallon),3.497,$/GAL
2025-05-12,NUS,U.S.,EPD2DXL0,No 2 Diesel Low Sulfur (0-15 ppm),PTE,Retail Sales,EMD_EPD2DXL0_PTE_NUS_DPG,U.S. No 2 Diesel Ultra Low Sulfur (0-15 ppm) Retail Prices (Dollars per Gallon),3.476,$/GAL
2025-05-19,NUS,U.S.,EPD2DXL0,No 2 Diesel Low Sulfur (0-15 ppm),PTE,Retail Sales,EMD_EPD2DXL0_PTE_NUS_DPG,U.S. No 2 Diesel Ultra Low Sulfur (0-15 ppm) Retail Prices (Dollars per Gallon),3.536,$/GAL
2025-05-26,NUS,U.S.,EPD2DXL0,No 2 Diesel Low Sulfur (0-15 ppm),PTE,Retail Sales,EMD_EPD2DXL0_PTE_NUS_DPG,U.S. No 2 Diesel Ultra Low Sulfur (0-15 ppm) Retail Prices (Dollars per Gallon),3.487,$/GAL
2025-06-02,NUS,U.S.,EPD2DXL0,No 2 Diesel Low Sulfur (0-15 ppm),PTE,Retail Sales,EMD_EPD2DXL0_PTE_NUS_DPG,U.S. No 2 Diesel Ultra Low Sulfur (0-15 ppm) Retail Prices (Dollars per Gallon),3.451,$/GAL
2025-06-09,NUS,U.S.,EPD2DXL0,No 2 Diesel Low Sulfur (0-15 ppm),PTE,Retail Sales,EMD_EPD2DXL0_PTE_NUS_DPG,U.S. No 2 Diesel Ultra Low Sulfur (0-15 ppm) Retail Prices (Dollars per Gallon),3.471,$/GAL
2025-06-16,NUS,U.S.,EPD2DXL0,No 2 Diesel Low Sulfur (0-15 ppm),PTE,Retail Sales,EMD_EPD2DXL0_PTE_NUS_DPG,U.S. No 2 Diesel Ultra Low Sulfur (0-15 ppm) Retail Prices (Dollars per Gallon),3.571,$/GAL
2025-06-23,NUS,U.S.,EPD2DXL0,No 2 Diesel Low Sulfur (0-15 ppm),PTE,Retail Sales,EMD_EPD2DXL0_PTE_NUS_DPG,U.S. No 2 Diesel Ultra Low Sulfur (0-15 ppm) Retail Prices (Dollars per Gallon),3.775,$/GAL
2025-06-30,NUS,U.S.,EPD2DXL0,No 2 Diesel Low Sulfur (0-15 ppm),PTE,Retail Sales,EMD_EPD2DXL0_PTE_NUS_DPG,U.S. No 2 Diesel Ultra Low Sulfur (0-15 ppm) Retail Prices (Dollars per Gallon),3.727,$/GAL
2025-07-07,NUS,U.S.,EPD2DXL0,No 2 Diesel Low Sulfur (0-15 ppm),PTE,Retail Sales,EMD_EPD2DXL0_PTE_NUS_DPG,U.S. No 2 Diesel Ultra Low Sulfur (0-15 ppm) Retail Prices (Dollars per Gallon),3.739,$/GAL
2025-07-14,NUS,U.S.,EPD2DXL0,No 2 Diesel Low Sulfur (0-15 ppm),PTE,Retail Sales,EMD_EPD2DXL0_PTE_NUS_DPG,U.S. No 2 Diesel Ultra Low Sulfur (0-15 ppm) Retail Prices (Dollars per Gallon),3.758,$/GAL
2025-07-21,NUS,U.S.,EPD2DXL0,No 2 Diesel Low Sulfur (0-15 ppm),PTE,Retail Sales,EMD_EPD2DXL0_PTE_NUS_DPG,U.S. No 2 Diesel Ultra Low Sulfur (0-15 ppm) Retail Prices (Dollars per Gallon),3.812,$/GAL
2025-07-28,NUS,U.S.,EPD2DXL0,No 2 Diesel Low Sulfur (0-15 ppm),PTE,Retail Sales,EMD_EPD2DXL0_PTE_NUS_DPG,U.S. No 2 Diesel Ultra Low Sulfur (0-15 ppm) Retail Prices (Dollars per Gallon),3.805,$/GAL
2025-08-04,NUS,U.S.,EPD2DXL0,No 2 Diesel Low Sulfur (0-15 ppm),PTE,Retail Sales,EMD_EPD2DXL0_PTE_NUS_DPG,U.S. No 2 Diesel Ultra Low Sulfur (0-15 ppm) Retail Prices (Dollars per Gallon),3.8,$/GAL
2025-08-11,NUS,U.S.,EPD2DXL0,No 2 Diesel Low Sulfur (0-15 ppm),PTE,Retail Sales,EMD_EPD2DXL0_PTE_NUS_DPG,U.S. No 2 Diesel Ultra Low Sulfur (0-15 ppm) Retail Prices (Dollars per Gallon),3.754,$/GAL
2025-08-18,NUS,U.S.,EPD2DXL0,No 2 Diesel Low Sulfur (0-15 ppm),PTE,Retail Sales,EMD_EPD2DXL0_PTE_NUS_DPG,U.S. No 2 Diesel Ultra Low Sulfur (0-15 ppm) Retail Prices (Dollars per Gallon),3.713,$/GAL
2025-08-25,NUS,U.S.,EPD2DXL0,No 2 Diesel Low Sulfur (0-15 ppm),PTE,Retail Sales,EMD_EPD2DXL0_PTE_NUS_DPG,U.S. No 2 Diesel Ultra Low Sulfur (0-15 ppm) Retail Prices (Dollars per Gallon),3.708,$/GAL
2025-09-01,NUS,U.S.,EPD2DXL0,No 2 Diesel Low Sulfur (0-15 ppm),PTE,Retail Sales,EMD_EPD2DXL0_PTE_NUS_DPG,U.S. No 2 Diesel Ultra Low Sulfur (0-15 ppm) Retail Prices (Dollars per Gallon),3.734,$/GAL
2025-09-08,NUS,U.S.,EPD2DXL0,No 2 Diesel Low Sulfur (0-15 ppm),PTE,Retail Sales,EMD_EPD2DXL0_PTE_NUS_DPG,U.S. No 2 Diesel Ultra Low Sulfur (0-15 ppm) Retail Prices (Dollars per Gallon),3.766,$/GAL
2025-09-15,NUS,U.S.,EPD2DXL0,No 2 Diesel Low Sulfur (0-15 ppm),PTE,Retail Sales,EMD_EPD2DXL0_PTE_NUS_DPG,U.S. No 2 Diesel Ultra Low Sulfur (0-15 ppm) Retail Prices (Dollars per Gallon),3.739,$/GAL
2025-09-22,NUS,U.S.,EPD2DXL0,No 2 Diesel Low Sulfur (0-15 ppm),PTE,Retail Sales,EMD_EPD2DXL0_PTE_NUS_DPG,U.S. No 2 Diesel Ultra Low Sulfur (0-15 ppm) Retail Prices (Dollars per Gallon),3.749,$/GAL
2025-09-29,NUS,U.S.,EPD2DXL0,No 2 Diesel Low Sulfur (0-15 ppm),PTE,Retail Sales,EMD_EPD2DXL0_PTE_NUS_DPG,U.S. No 2 Diesel Ultra Low Sulfur (0-15 ppm) Retail Prices (Dollars per Gallon),3.754,$/GAL
2025-10-06,NUS,U.S.,EPD2DXL0,No 2 Diesel Low Sulfur (0-15 ppm),PTE,Retail Sales,EMD_EPD2DXL0_PTE_NUS_DPG,U.S. No 2 Diesel Ultra Low Sulfur (0-15 ppm) Retail Prices (Dollars per Gallon),3.711,$/GAL
2025-10-13,NUS,U.S.,EPD2DXL0,No 2 Diesel Low Sulfur (0-15 ppm),PTE,Retail Sales,EMD_EPD2DXL0_PTE_NUS_DPG,U.S. No 2 Diesel Ultra Low Sulfur (0-15 ppm) Retail Prices (Dollars per Gallon),3.665,$/GAL
2025-10-20,NUS,U.S.,EPD2DXL0,No 2 Diesel Low Sulfur (0-15 ppm),PTE,Retail Sales,EMD_EPD2DXL0_PTE_NUS_DPG,U.S. No 2 Diesel Ultra Low Sulfur (0-15 ppm) Retail Prices (Dollars per Gallon),3.62,$/GAL
2025-10-27,NUS,U.S.,EPD2DXL0,No 2 Diesel Low Sulfur (0-15 ppm),PTE,Retail Sales,EMD_EPD2DXL0_PTE_NUS_DPG,U.S. No 2 Diesel Ultra Low Sulfur (0-15 ppm) Retail Prices (Dollars per Gallon),3.718,$/GAL
2025-11-03,NUS,U.S.,EPD2DXL0,No 2 Diesel Low Sulfur (0-15 ppm),PTE,Retail Sales,EMD_EPD2DXL0_PTE_NUS_DPG,U.S. No 2 Diesel Ultra Low Sulfur (0-15 ppm) Retail Prices (Dollars per Gallon),3.753,$/GAL
2025-11-10,NUS,U.S.,EPD2DXL0,No 2 Diesel Low Sulfur (0-15 ppm),PTE,Retail Sales,EMD_EPD2DXL0_PTE_NUS_DPG,U.S. No 2 Diesel Ultra Low Sulfur (0-15 ppm) Retail Prices (Dollars per Gallon),3.837,$/GAL
2025-11-17,NUS,U.S.,EPD2DXL0,No 2 Diesel Low Sulfur (0-15 ppm),PTE,Retail Sales,EMD_EPD2DXL0_PTE_NUS_DPG,U.S. No 2 Diesel Ultra Low Sulfur (0-15 ppm) Retail Prices (Dollars per Gallon),3.868,$/GAL
2025-11-24,NUS,U.S.,EPD2DXL0,No 2 Diesel Low Sulfur (0-15 ppm),PTE,Retail Sales,EMD_EPD2DXL0_PTE_NUS_DPG,U.S. No 2 Diesel Ultra Low Sulfur (0-15 ppm) Retail Prices (Dollars per Gallon),3.831,$/GAL
2025-12-01,NUS,U.S.,EPD2DXL0,No 2 Diesel Low Sulfur (0-15 ppm),PTE,Retail Sales,EMD_EPD2DXL0_PTE_NUS_DPG,U.S. No 2 Diesel Ultra Low Sulfur (0-15 ppm) Retail Prices (Dollars per Gallon),3.758,$/GAL
2025-12-08,NUS,U.S.,EPD2DXL0,No 2 Diesel Low Sulfur (0-15 ppm),PTE,Retail Sales,EMD_EPD2DXL0_PTE_NUS_DPG,U.S. No 2 Diesel Ultra Low Sulfur (0-15 ppm) Retail Prices (Dollars per Gallon),3.665,$/GAL
2025-12-15,NUS,U.S.,EPD2DXL0,No 2 Diesel Low Sulfur (0-15 ppm),PTE,Retail Sales,EMD_EPD2DXL0_PTE_NUS_DPG,U.S. No 2 Diesel Ultra Low Sulfur (0-15 ppm) Retail Prices (Dollars per Gallon),3.607,$/GAL
2025-12-22,NUS,U.S.,EPD2DXL0,No 2 Diesel Low Sulfur (0-15 ppm),PTE,Retail Sales,EMD_EPD2DXL0_PTE_NUS_DPG,U.S. No 2 Diesel Ultra Low Sulfur (0-15 ppm) Retail Prices (Dollars per Gallon),3.544,$/GAL
2025-12-29,NUS,U.S.,EPD2DXL0,No 2 Diesel Low Sulfur (0-15 ppm),PTE,Retail Sales,EMD_EPD2DXL0_PTE_NUS_DPG,U.S. No 2 Diesel Ultra Low Sulfur (0-15 ppm) Retail Prices (Dollars per Gallon),3.5,$/GAL
2026-01-05,NUS,U.S.,EPD2DXL0,No 2 Diesel Low Sulfur (0-15 ppm),PTE,Retail Sales,EMD_EPD2DXL0_PTE_NUS_DPG,U.S. No 2 Diesel Ultra Low Sulfur (0-15 ppm) Retail Prices (Dollars per Gallon),3.477,$/GAL
2026-01-12,NUS,U.S.,EPD2DXL0,No 2 Diesel Low Sulfur (0-15 ppm),PTE,Retail Sales,EMD_EPD2DXL0_PTE_NUS_DPG,U.S. No 2 Diesel Ultra Low Sulfur (0-15 ppm) Retail Prices (Dollars per Gallon),3.459,$/GAL
2026-01-19,NUS,U.S.,EPD2DXL0,No 2 Diesel Low Sulfur (0-15 ppm),PTE,Retail Sales,EMD_EPD2DXL0_PTE_NUS_DPG,U.S. No 2 Diesel Ultra Low Sulfur (0-15 ppm) Retail Prices (Dollars per Gallon),3.53,$/GAL
2026-01-26,NUS,U.S.,EPD2DXL0,No 2 Diesel Low Sulfur (0-15 ppm),PTE,Retail Sales,EMD_EPD2DXL0_PTE_NUS_DPG,U.S. No 2 Diesel Ultra Low Sulfur (0-15 ppm) Retail Prices (Dollars per Gallon),3.624,$/GAL
2026-02-02,NUS,U.S.,EPD2DXL0,No 2 Diesel Low Sulfur (0-15 ppm),PTE,Retail Sales,EMD_EPD2DXL0_PTE_NUS_DPG,U.S. No 2 Diesel Ultra Low Sulfur (0-15 ppm) Retail Prices (Dollars per Gallon),3.681,$/GAL
2026-02-09,NUS,U.S.,EPD2DXL0,No 2 Diesel Low Sulfur (0-15 ppm),PTE,Retail Sales,EMD_EPD2DXL0_PTE_NUS_DPG,U.S. No 2 Diesel Ultra Low Sulfur (0-15 ppm) Retail Prices (Dollars per Gallon),3.688,$/GAL
2026-02-16,NUS,U.S.,EPD2DXL0,No 2 Diesel Low Sulfur (0-15 ppm),PTE,Retail Sales,EMD_EPD2DXL0_PTE_NUS_DPG,U.S. No 2 Diesel Ultra Low Sulfur (0-15 ppm) Retail Prices (Dollars per Gallon),3.711,$/GAL
2026-02-23,NUS,U.S.,EPD2DXL0,No 2 Diesel Low Sulfur (0-15 ppm),PTE,Retail Sales,EMD_EPD2DXL0_PTE_NUS_DPG,U.S. No 2 Diesel Ultra Low Sulfur (0-15 ppm) Retail Prices (Dollars per Gallon),3.809,$/GAL
2026-03-02,NUS,U.S.,EPD2DXL0,No 2 Diesel Low Sulfur (0-15 ppm),PTE,Retail Sales,EMD_EPD2DXL0_PTE_NUS_DPG,U.S. No 2 Diesel Ultra Low Sulfur (0-15 ppm) Retail Prices (Dollars per Gallon),3.897,$/GAL
2026-03-09,NUS,U.S.,EPD2DXL0,No 2 Diesel Low Sulfur (0-15 ppm),PTE,Retail Sales,EMD_EPD2DXL0_PTE_NUS_DPG,U.S. No 2 Diesel Ultra Low Sulfur (0-15 ppm) Retail Prices (Dollars per Gallon),4.859,$/GAL
2026-03-16,NUS,U.S.,EPD2DXL0,No 2 Diesel Low Sulfur (0-15 ppm),PTE,Retail Sales,EMD_EPD2DXL0_PTE_NUS_DPG,U.S. No 2 Diesel Ultra Low Sulfur (0-15 ppm) Retail Prices (Dollars per Gallon),5.071,$/GAL
2024-03-25,R10,PADD 1,EPD2DXL0,No 2 Diesel Low Sulfur (0-15 ppm),PTE,Retail Sales,EMD_EPD2DXL0_PTE_R10_DPG,East Coast No 2 Diesel Ultra Low Sulfur (0-15 ppm) Retail Prices (Dollars per Gallon),4.125,$/GAL
2024-04-01,R10,PADD 1,EPD2DXL0,No 2 Diesel Low Sulfur (0-15 ppm),PTE,Retail Sales,EMD_EPD2DXL0_PTE_R10_DPG,East Coast No 2 Diesel Ultra Low Sulfur (0-15 ppm) Retail Prices (Dollars per Gallon),4.083,$/GAL
2024-04-08,R10,PADD 1,EPD2DXL0,No 2 Diesel Low Sulfur (0-15 ppm),PTE,Retail Sales,EMD_EPD2DXL0_PTE_R10_DPG,East Coast No 2 Diesel Ultra Low Sulfur (0-15 ppm) Retail Prices (Dollars per Gallon),4.118,$/GAL
2024-04-15,R10,PADD 1,EPD2DXL0,No 2 Diesel Low Sulfur (0-15 ppm),PTE,Retail Sales,EMD_EPD2DXL0_PTE_R10_DPG,East Coast No 2 Diesel Ultra Low Sulfur (0-15 ppm) Retail Prices (Dollars per Gallon),4.068,$/GAL
2024-04-22,R10,PADD 1,EPD2DXL0,No 2 Diesel Low Sulfur (0-15 ppm),PTE,Retail Sales,EMD_EPD2DXL0_PTE_R10_DPG,East Coast No 2 Diesel Ultra Low Sulfur (0-15 ppm) Retail Prices (Dollars per Gallon),4.047,$/GAL
2024-04-29,R10,PADD 1,EPD2DXL0,No 2 Diesel Low Sulfur (0-15 ppm),PTE,Retail Sales,EMD_EPD2DXL0_PTE_R10_DPG,East Coast No 2 Diesel Ultra Low Sulfur (0-15 ppm) Retail Prices (Dollars per Gallon),4.025,$/GAL
2024-05-06,R10,PADD 1,EPD2DXL0,No 2 Diesel Low Sulfur (0-15 ppm),PTE,Retail Sales,EMD_EPD2DXL0_PTE_R10_DPG,East Coast No 2 Diesel Ultra Low Sulfur (0-15 ppm) Retail Prices (Dollars per Gallon),3.966,$/GAL
2024-05-13,R10,PADD 1,EPD2DXL0,No 2 Diesel Low Sulfur (0-15 ppm),PTE,Retail Sales,EMD_EPD2DXL0_PTE_R10_DPG,East Coast No 2 Diesel Ultra Low Sulfur (0-15 ppm) Retail Prices (Dollars per Gallon),3.916,$/GAL
2024-05-20,R10,PADD 1,EPD2DXL0,No 2 Diesel Low Sulfur (0-15 ppm),PTE,Retail Sales,EMD_EPD2DXL0_PTE_R10_DPG,East Coast No 2 Diesel Ultra Low Sulfur (0-15 ppm) Retail Prices (Dollars per Gallon),3.895,$/GAL
2024-05-27,R10,PADD 1,EPD2DXL0,No 2 Diesel Low Sulfur (0-15 ppm),PTE,Retail Sales,EMD_EPD2DXL0_PTE_R10_DPG,East Coast No 2 Diesel Ultra Low Sulfur (0-15 ppm) Retail Prices (Dollars per Gallon),3.885,$/GAL
2024-06-03,R10,PADD 1,EPD2DXL0,No 2 Diesel Low Sulfur (0-15 ppm),PTE,Retail Sales,EMD_EPD2DXL0_PTE_R10_DPG,East Coast No 2 Diesel Ultra Low Sulfur (0-15 ppm) Retail Prices (Dollars per Gallon),3.853,$/GAL
2024-06-10,R10,PADD 1,EPD2DXL0,No 2 Diesel Low Sulfur (0-15 ppm),PTE,Retail Sales,EMD_EPD2DXL0_PTE_R10_DPG,East Coast No 2 Diesel Ultra Low Sulfur (0-15 ppm) Retail Prices (Dollars per Gallon),3.789,$/GAL
2024-06-17,R10,PADD 1,EPD2DXL0,No 2 Diesel Low Sulfur (0-15 ppm),PTE,Retail Sales,EMD_EPD2DXL0_PTE_R10_DPG,East Coast No 2 Diesel Ultra Low Sulfur (0-15 ppm) Retail Prices (Dollars per Gallon),3.834,$/GAL
2024-06-24,R10,PADD 1,EPD2DXL0,No 2 Diesel Low Sulfur (0-15 ppm),PTE,Retail Sales,EMD_EPD2DXL0_PTE_R10_DPG,East Coast No 2 Diesel Ultra Low Sulfur (0-15 ppm) Retail Prices (Dollars per Gallon),3.876,$/GAL
2024-07-01,R10,PADD 1,EPD2DXL0,No 2 Diesel Low Sulfur (0-15 ppm),PTE,Retail Sales,EMD_EPD2DXL0_PTE_R10_DPG,East Coast No 2 Diesel Ultra Low Sulfur (0-15 ppm) Retail Prices (Dollars per Gallon),3.898,$/GAL
2024-07-08,R10,PADD 1,EPD2DXL0,No 2 Diesel Low Sulfur (0-15 ppm),PTE,Retail Sales,EMD_EPD2DXL0_PTE_R10_DPG,East Coast No 2 Diesel Ultra Low Sulfur (0-15 ppm) Retail Prices (Dollars per Gallon),3.934,$/GAL
2024-07-15,R10,PADD 1,EPD2DXL0,No 2 Diesel Low Sulfur (0-15 ppm),PTE,Retail Sales,EMD_EPD2DXL0_PTE_R10_DPG,East Coast No 2 Diesel Ultra Low Sulfur (0-15 ppm) Retail Prices (Dollars per Gallon),3.908,$/GAL
2024-07-22,R10,PADD 1,EPD2DXL0,No 2 Diesel Low Sulfur (0-15 ppm),PTE,Retail Sales,EMD_EPD2DXL0_PTE_R10_DPG,East Coast No 2 Diesel Ultra Low Sulfur (0-15 ppm) Retail Prices (Dollars per Gallon),3.872,$/GAL
2024-07-29,R10,PADD 1,EPD2DXL0,No 2 Diesel Low Sulfur (0-15 ppm),PTE,Retail Sales,EMD_EPD2DXL0_PTE_R10_DPG,East Coast No 2 Diesel Ultra Low Sulfur (0-15 ppm) Retail Prices (Dollars per Gallon),3.844,$/GAL
2024-08-05,R10,PADD 1,EPD2DXL0,No 2 Diesel Low Sulfur (0-15 ppm),PTE,Retail Sales,EMD_EPD2DXL0_PTE_R10_DPG,East Coast No 2 Diesel Ultra Low Sulfur (0-15 ppm) Retail Prices (Dollars per Gallon),3.83,$/GAL
2024-08-12,R10,PADD 1,EPD2DXL0,No 2 Diesel Low Sulfur (0-15 ppm),PTE,Retail Sales,EMD_EPD2DXL0_PTE_R10_DPG,East Coast No 2 Diesel Ultra Low Sulfur (0-15 ppm) Retail Prices (Dollars per Gallon),3.778,$/GAL
2024-08-19,R10,PADD 1,EPD2DXL0,No 2 Diesel Low Sulfur (0-15 ppm),PTE,Retail Sales,EMD_EPD2DXL0_PTE_R10_DPG,East Coast No 2 Diesel Ultra Low Sulfur (0-15 ppm) Retail Prices (Dollars per Gallon),3.757,$/GAL
2024-08-26,R10,PADD 1,EPD2DXL0,No 2 Diesel Low Sulfur (0-15 ppm),PTE,Retail Sales,EMD_EPD2DXL0_PTE_R10_DPG,East Coast No 2 Diesel Ultra Low Sulfur (0-15 ppm) Retail Prices (Dollars per Gallon),3.725,$/GAL
2024-09-02,R10,PADD 1,EPD2DXL0,No 2 Diesel Low Sulfur (0-15 ppm),PTE,Retail Sales,EMD_EPD2DXL0_PTE_R10_DPG,East Coast No 2 Diesel Ultra Low Sulfur (0-15 ppm) Retail Prices (Dollars per Gallon),3.686,$/GAL
2024-09-09,R10,PADD 1,EPD2DXL0,No 2 Diesel Low Sulfur (0-15 ppm),PTE,Retail Sales,EMD_EPD2DXL0_PTE_R10_DPG,East Coast No 2 Diesel Ultra Low Sulfur (0-15 ppm) Retail Prices (Dollars per Gallon),3.619,$/GAL
2024-09-16,R10,PADD 1,EPD2DXL0,No 2 Diesel Low Sulfur (0-15 ppm),PTE,Retail Sales,EMD_EPD2DXL0_PTE_R10_DPG,East Coast No 2 Diesel Ultra Low Sulfur (0-15 ppm) Retail Prices (Dollars per Gallon),3.585,$/GAL
2024-09-23,R10,PADD 1,EPD2DXL0,No 2 Diesel Low Sulfur (0-15 ppm),PTE,Retail Sales,EMD_EPD2DXL0_PTE_R10_DPG,East Coast No 2 Diesel Ultra Low Sulfur (0-15 ppm) Retail Prices (Dollars per Gallon),3.577,$/GAL
2024-09-30,R10,PADD 1,EPD2DXL0,No 2 Diesel Low Sulfur (0-15 ppm),PTE,Retail Sales,EMD_EPD2DXL0_PTE_R10_DPG,East Coast No 2 Diesel Ultra Low Sulfur (0-15 ppm) Retail Prices (Dollars per Gallon),3.571,$/GAL
2024-10-07,R10,PADD 1,EPD2DXL0,No 2 Diesel Low Sulfur (0-15 ppm),PTE,Retail Sales,EMD_EPD2DXL0_PTE_R10_DPG,East Coast No 2 Diesel Ultra Low Sulfur (0-15 ppm) Retail Prices (Dollars per Gallon),3.563,$/GAL
2024-10-14,R10,PADD 1,EPD2DXL0,No 2 Diesel Low Sulfur (0-15 ppm),PTE,Retail Sales,EMD_EPD2DXL0_PTE_R10_DPG,East Coast No 2 Diesel Ultra Low Sulfur (0-15 ppm) Retail Prices (Dollars per Gallon),3.586,$/GAL
2024-10-21,R10,PADD 1,EPD2DXL0,No 2 Diesel Low Sulfur (0-15 ppm),PTE,Retail Sales,EMD_EPD2DXL0_PTE_R10_DPG,East Coast No 2 Diesel Ultra Low Sulfur (0-15 ppm) Retail Prices (Dollars per Gallon),3.59,$/GAL
2024-10-28,R10,PADD 1,EPD2DXL0,No 2 Diesel Low Sulfur (0-15 ppm),PTE,Retail Sales,EMD_EPD2DXL0_PTE_R10_DPG,East Coast No 2 Diesel Ultra Low Sulfur (0-15 ppm) Retail Prices (Dollars per Gallon),3.605,$/GAL
2024-11-04,R10,PADD 1,EPD2DXL0,No 2 Diesel Low Sulfur (0-15 ppm),PTE,Retail Sales,EMD_EPD2DXL0_PTE_R10_DPG,East Coast No 2 Diesel Ultra Low Sulfur (0-15 ppm) Retail Prices (Dollars per Gallon),3.59,$/GAL
2024-11-11,R10,PADD 1,EPD2DXL0,No 2 Diesel Low Sulfur (0-15 ppm),PTE,Retail Sales,EMD_EPD2DXL0_PTE_R10_DPG,East Coast No 2 Diesel Ultra Low Sulfur (0-15 ppm) Retail Prices (Dollars per Gallon),3.579,$/GAL
2024-11-18,R10,PADD 1,EPD2DXL0,No 2 Diesel Low Sulfur (0-15 ppm),PTE,Retail Sales,EMD_EPD2DXL0_PTE_R10_DPG,East Coast No 2 Diesel Ultra Low Sulfur (0-15 ppm) Retail Prices (Dollars per Gallon),3.552,$/GAL
2024-11-25,R10,PADD 1,EPD2DXL0,No 2 Diesel Low Sulfur (0-15 ppm),PTE,Retail Sales,EMD_EPD2DXL0_PTE_R10_DPG,East Coast No 2 Diesel Ultra Low Sulfur (0-15 ppm) Retail Prices (Dollars per Gallon),3.593,$/GAL
2024-12-02,R10,PADD 1,EPD2DXL0,No 2 Diesel Low Sulfur (0-15 ppm),PTE,Retail Sales,EMD_EPD2DXL0_PTE_R10_DPG,East Coast No 2 Diesel Ultra Low Sulfur (0-15 ppm) Retail Prices (Dollars per Gallon),3.597,$/GAL
2024-12-09,R10,PADD 1,EPD2DXL0,No 2 Diesel Low Sulfur (0-15 ppm),PTE,Retail Sales,EMD_EPD2DXL0_PTE_R10_DPG,East Coast No 2 Diesel Ultra Low Sulfur (0-15 ppm) Retail Prices (Dollars per Gallon),3.535,$/GAL
2024-12-16,R10,PADD 1,EPD2DXL0,No 2 Diesel Low Sulfur (0-15 ppm),PTE,Retail Sales,EMD_EPD2DXL0_PTE_R10_DPG,East Coast No 2 Diesel Ultra Low Sulfur (0-15 ppm) Retail Prices (Dollars per Gallon),3.575,$/GAL
2024-12-23,R10,PADD 1,EPD2DXL0,No 2 Diesel Low Sulfur (0-15 ppm),PTE,Retail Sales,EMD_EPD2DXL0_PTE_R10_DPG,East Coast No 2 Diesel Ultra Low Sulfur (0-15 ppm) Retail Prices (Dollars per Gallon),3.568,$/GAL
2024-12-30,R10,PADD 1,EPD2DXL0,No 2 Diesel Low Sulfur (0-15 ppm),PTE,Retail Sales,EMD_EPD2DXL0_PTE_R10_DPG,East Coast No 2 Diesel Ultra Low Sulfur (0-15 ppm) Retail Prices (Dollars per Gallon),3.587,$/GAL
2025-01-06,R10,PADD 1,EPD2DXL0,No 2 Diesel Low Sulfur (0-15 ppm),PTE,Retail Sales,EMD_EPD2DXL0_PTE_R10_DPG,East Coast No 2 Diesel Ultra Low Sulfur (0-15 ppm) Retail Prices (Dollars per Gallon),3.634,$/GAL
2025-01-13,R10,PADD 1,EPD2DXL0,No 2 Diesel Low Sulfur (0-15 ppm),PTE,Retail Sales,EMD_EPD2DXL0_PTE_R10_DPG,East Coast No 2 Diesel Ultra Low Sulfur (0-15 ppm) Retail Prices (Dollars per Gallon),3.718,$/GAL
2025-01-20,R10,PADD 1,EPD2DXL0,No 2 Diesel Low Sulfur (0-15 ppm),PTE,Retail Sales,EMD_EPD2DXL0_PTE_R10_DPG,East Coast No 2 Diesel Ultra Low Sulfur (0-15 ppm) Retail Prices (Dollars per Gallon),3.82,$/GAL
2025-01-27,R10,PADD 1,EPD2DXL0,No 2 Diesel Low Sulfur (0-15 ppm),PTE,Retail Sales,EMD_EPD2DXL0_PTE_R10_DPG,East Coast No 2 Diesel Ultra Low Sulfur (0-15 ppm) Retail Prices (Dollars per Gallon),3.805,$/GAL
2025-02-03,R10,PADD 1,EPD2DXL0,No 2 Diesel Low Sulfur (0-15 ppm),PTE,Retail Sales,EMD_EPD2DXL0_PTE_R10_DPG,East Coast No 2 Diesel Ultra Low Sulfur (0-15 ppm) Retail Prices (Dollars per Gallon),3.778,$/GAL
2025-02-10,R10,PADD 1,EPD2DXL0,No 2 Diesel Low Sulfur (0-15 ppm),PTE,Retail Sales,EMD_EPD2DXL0_PTE_R10_DPG,East Coast No 2 Diesel Ultra Low Sulfur (0-15 ppm) Retail Prices (Dollars per Gallon),3.761,$/GAL
2025-02-17,R10,PADD 1,EPD2DXL0,No 2 Diesel Low Sulfur (0-15 ppm),PTE,Retail Sales,EMD_EPD2DXL0_PTE_R10_DPG,East Coast No 2 Diesel Ultra Low Sulfur (0-15 ppm) Retail Prices (Dollars per Gallon),3.791,$/GAL
2025-02-24,R10,PADD 1,EPD2DXL0,No 2 Diesel Low Sulfur (0-15 ppm),PTE,Retail Sales,EMD_EPD2DXL0_PTE_R10_DPG,East Coast No 2 Diesel Ultra Low Sulfur (0-15 ppm) Retail Prices (Dollars per Gallon),3.795,$/GAL
2025-03-03,R10,PADD 1,EPD2DXL0,No 2 Diesel Low Sulfur (0-15 ppm),PTE,Retail Sales,EMD_EPD2DXL0_PTE_R10_DPG,East Coast No 2 Diesel Ultra Low Sulfur (0-15 ppm) Retail Prices (Dollars per Gallon),3.742,$/GAL
2025-03-10,R10,PADD 1,EPD2DXL0,No 2 Diesel Low Sulfur (0-15 ppm),PTE,Retail Sales,EMD_EPD2DXL0_PTE_R10_DPG,East Coast No 2 Diesel Ultra Low Sulfur (0-15 ppm) Retail Prices (Dollars per Gallon),3.699,$/GAL
2025-03-17,R10,PADD 1,EPD2DXL0,No 2 Diesel Low Sulfur (0-15 ppm),PTE,Retail Sales,EMD_EPD2DXL0_PTE_R10_DPG,East Coast No 2 Diesel Ultra Low Sulfur (0-15 ppm) Retail Prices (Dollars per Gallon),3.679,$/GAL
2025-03-24,R10,PADD 1,EPD2DXL0,No 2 Diesel Low Sulfur (0-15 ppm),PTE,Retail Sales,EMD_EPD2DXL0_PTE_R10_DPG,East Coast No 2 Diesel Ultra Low Sulfur (0-15 ppm) Retail Prices (Dollars per Gallon),3.675,$/GAL
2025-03-31,R10,PADD 1,EPD2DXL0,No 2 Diesel Low Sulfur (0-15 ppm),PTE,Retail Sales,EMD_EPD2DXL0_PTE_R10_DPG,East Coast No 2 Diesel Ultra Low Sulfur (0-15 ppm) Retail Prices (Dollars per Gallon),3.695,$/GAL
2025-04-07,R10,PADD 1,EPD2DXL0,No 2 Diesel Low Sulfur (0-15 ppm),PTE,Retail Sales,EMD_EPD2DXL0_PTE_R10_DPG,East Coast No 2 Diesel Ultra Low Sulfur (0-15 ppm) Retail Prices (Dollars per Gallon),3.713,$/GAL
2025-04-14,R10,PADD 1,EPD2DXL0,No 2 Diesel Low Sulfur (0-15 ppm),PTE,Retail Sales,EMD_EPD2DXL0_PTE_R10_DPG,East Coast No 2 Diesel Ultra Low Sulfur (0-15 ppm) Retail Prices (Dollars per Gallon),3.66,$/GAL
2025-04-21,R10,PADD 1,EPD2DXL0,No 2 Diesel Low Sulfur (0-15 ppm),PTE,Retail Sales,EMD_EPD2DXL0_PTE_R10_DPG,East Coast No 2 Diesel Ultra Low Sulfur (0-15 ppm) Retail Prices (Dollars per Gallon),3.614,$/GAL
2025-04-28,R10,PADD 1,EPD2DXL0,No 2 Diesel Low Sulfur (0-15 ppm),PTE,Retail Sales,EMD_EPD2DXL0_PTE_R10_DPG,East Coast No 2 Diesel Ultra Low Sulfur (0-15 ppm) Retail Prices (Dollars per Gallon),3.585,$/GAL
2025-05-05,R10,PADD 1,EPD2DXL0,No 2 Diesel Low Sulfur (0-15 ppm),PTE,Retail Sales,EMD_EPD2DXL0_PTE_R10_DPG,East Coast No 2 Diesel Ultra Low Sulfur (0-15 ppm) Retail Prices (Dollars per Gallon),3.567,$/GAL
2025-05-12,R10,PADD 1,EPD2DXL0,No 2 Diesel Low Sulfur (0-15 ppm),PTE,Retail Sales,EMD_EPD2DXL0_PTE_R10_DPG,East Coast No 2 Diesel Ultra Low Sulfur (0-15 ppm) Retail Prices (Dollars per Gallon),3.534,$/GAL
2025-05-19,R10,PADD 1,EPD2DXL0,No 2 Diesel Low Sulfur (0-15 ppm),PTE,Retail Sales,EMD_EPD2DXL0_PTE_R10_DPG,East Coast No 2 Diesel Ultra Low Sulfur (0-15 ppm) Retail Prices (Dollars per Gallon),3.58,$/GAL
2025-05-26,R10,PADD 1,EPD2DXL0,No 2 Diesel Low Sulfur (0-15 ppm),PTE,Retail Sales,EMD_EPD2DXL0_PTE_R10_DPG,East Coast No 2 Diesel Ultra Low Sulfur (0-15 ppm) Retail Prices (Dollars per Gallon),3.555,$/GAL
2025-06-02,R10,PADD 1,EPD2DXL0,No 2 Diesel Low Sulfur (0-15 ppm),PTE,Retail Sales,EMD_EPD2DXL0_PTE_R10_DPG,East Coast No 2 Diesel Ultra Low Sulfur (0-15 ppm) Retail Prices (Dollars per Gallon),3.517,$/GAL
2025-06-09,R10,PADD 1,EPD2DXL0,No 2 Diesel Low Sulfur (0-15 ppm),PTE,Retail Sales,EMD_EPD2DXL0_PTE_R10_DPG,East Coast No 2 Diesel Ultra Low Sulfur (0-15 ppm) Retail Prices (Dollars per Gallon),3.525,$/GAL
2025-06-16,R10,PADD 1,EPD2DXL0,No 2 Diesel Low Sulfur (0-15 ppm),PTE,Retail Sales,EMD_EPD2DXL0_PTE_R10_DPG,East Coast No 2 Diesel Ultra Low Sulfur (0-15 ppm) Retail Prices (Dollars per Gallon),3.621,$/GAL
2025-06-23,R10,PADD 1,EPD2DXL0,No 2 Diesel Low Sulfur (0-15 ppm),PTE,Retail Sales,EMD_EPD2DXL0_PTE_R10_DPG,East Coast No 2 Diesel Ultra Low Sulfur (0-15 ppm) Retail Prices (Dollars per Gallon),3.79,$/GAL
2025-06-30,R10,PADD 1,EPD2DXL0,No 2 Diesel Low Sulfur (0-15 ppm),PTE,Retail Sales,EMD_EPD2DXL0_PTE_R10_DPG,East Coast No 2 Diesel Ultra Low Sulfur (0-15 ppm) Retail Prices (Dollars per Gallon),3.775,$/GAL
2025-07-07,R10,PADD 1,EPD2DXL0,No 2 Diesel Low Sulfur (0-15 ppm),PTE,Retail Sales,EMD_EPD2DXL0_PTE_R10_DPG,East Coast No 2 Diesel Ultra Low Sulfur (0-15 ppm) Retail Prices (Dollars per Gallon),3.765,$/GAL
2025-07-14,R10,PADD 1,EPD2DXL0,No 2 Diesel Low Sulfur (0-15 ppm),PTE,Retail Sales,EMD_EPD2DXL0_PTE_R10_DPG,East Coast No 2 Diesel Ultra Low Sulfur (0-15 ppm) Retail Prices (Dollars per Gallon),3.793,$/GAL
2025-07-21,R10,PADD 1,EPD2DXL0,No 2 Diesel Low Sulfur (0-15 ppm),PTE,Retail Sales,EMD_EPD2DXL0_PTE_R10_DPG,East Coast No 2 Diesel Ultra Low Sulfur (0-15 ppm) Retail Prices (Dollars per Gallon),3.821,$/GAL
2025-07-28,R10,PADD 1,EPD2DXL0,No 2 Diesel Low Sulfur (0-15 ppm),PTE,Retail Sales,EMD_EPD2DXL0_PTE_R10_DPG,East Coast No 2 Diesel Ultra Low Sulfur (0-15 ppm) Retail Prices (Dollars per Gallon),3.812,$/GAL
2025-08-04,R10,PADD 1,EPD2DXL0,No 2 Diesel Low Sulfur (0-15 ppm),PTE,Retail Sales,EMD_EPD2DXL0_PTE_R10_DPG,East Coast No 2 Diesel Ultra Low Sulfur (0-15 ppm) Retail Prices (Dollars per Gallon),3.807,$/GAL
2025-08-11,R10,PADD 1,EPD2DXL0,No 2 Diesel Low Sulfur (0-15 ppm),PTE,Retail Sales,EMD_EPD2DXL0_PTE_R10_DPG,East Coast No 2 Diesel Ultra Low Sulfur (0-15 ppm) Retail Prices (Dollars per Gallon),3.757,$/GAL
2025-08-18,R10,PADD 1,EPD2DXL0,No 2 Diesel Low Sulfur (0-15 ppm),PTE,Retail Sales,EMD_EPD2DXL0_PTE_R10_DPG,East Coast No 2 Diesel Ultra Low Sulfur (0-15 ppm) Retail Prices (Dollars per Gallon),3.733,$/GAL
2025-08-25,R10,PADD 1,EPD2DXL0,No 2 Diesel Low Sulfur (0-15 ppm),PTE,Retail Sales,EMD_EPD2DXL0_PTE_R10_DPG,East Coast No 2 Diesel Ultra Low Sulfur (0-15 ppm) Retail Prices (Dollars per Gallon),3.726,$/GAL
2025-09-01,R10,PADD 1,EPD2DXL0,No 2 Diesel Low Sulfur (0-15 ppm),PTE,Retail Sales,EMD_EPD2DXL0_PTE_R10_DPG,East Coast No 2 Diesel Ultra Low Sulfur (0-15 ppm) Retail Prices (Dollars per Gallon),3.75,$/GAL
2025-09-08,R10,PADD 1,EPD2DXL0,No 2 Diesel Low Sulfur (0-15 ppm),PTE,Retail Sales,EMD_EPD2DXL0_PTE_R10_DPG,East Coast No 2 Diesel Ultra Low Sulfur (0-15 ppm) Retail Prices (Dollars per Gallon),3.772,$/GAL
2025-09-15,R10,PADD 1,EPD2DXL0,No 2 Diesel Low Sulfur (0-15 ppm),PTE,Retail Sales,EMD_EPD2DXL0_PTE_R10_DPG,East Coast No 2 Diesel Ultra Low Sulfur (0-15 ppm) Retail Prices (Dollars per Gallon),3.748,$/GAL
2025-09-22,R10,PADD 1,EPD2DXL0,No 2 Diesel Low Sulfur (0-15 ppm),PTE,Retail Sales,EMD_EPD2DXL0_PTE_R10_DPG,East Coast No 2 Diesel Ultra Low Sulfur (0-15 ppm) Retail Prices (Dollars per Gallon),3.745,$/GAL
2025-09-29,R10,PADD 1,EPD2DXL0,No 2 Diesel Low Sulfur (0-15 ppm),PTE,Retail Sales,EMD_EPD2DXL0_PTE_R10_DPG,East Coast No 2 Diesel Ultra Low Sulfur (0-15 ppm) Retail Prices (Dollars per Gallon),3.75,$/GAL
2025-10-06,R10,PADD 1,EPD2DXL0,No 2 Diesel Low Sulfur (0-15 ppm),PTE,Retail Sales,EMD_EPD2DXL0_PTE_R10_DPG,East Coast No 2 Diesel Ultra Low Sulfur (0-15 ppm) Retail Prices (Dollars per Gallon),3.735,$/GAL
2025-10-13,R10,PADD 1,EPD2DXL0,No 2 Diesel Low Sulfur (0-15 ppm),PTE,Retail Sales,EMD_EPD2DXL0_PTE_R10_DPG,East Coast No 2 Diesel Ultra Low Sulfur (0-15 ppm) Retail Prices (Dollars per Gallon),3.721,$/GAL
2025-10-20,R10,PADD 1,EPD2DXL0,No 2 Diesel Low Sulfur (0-15 ppm),PTE,Retail Sales,EMD_EPD2DXL0_PTE_R10_DPG,East Coast No 2 Diesel Ultra Low Sulfur (0-15 ppm) Retail Prices (Dollars per Gallon),3.675,$/GAL
2025-10-27,R10,PADD 1,EPD2DXL0,No 2 Diesel Low Sulfur (0-15 ppm),PTE,Retail Sales,EMD_EPD2DXL0_PTE_R10_DPG,East Coast No 2 Diesel Ultra Low Sulfur (0-15 ppm) Retail Prices (Dollars per Gallon),3.723,$/GAL
2025-11-03,R10,PADD 1,EPD2DXL0,No 2 Diesel Low Sulfur (0-15 ppm),PTE,Retail Sales,EMD_EPD2DXL0_PTE_R10_DPG,East Coast No 2 Diesel Ultra Low Sulfur (0-15 ppm) Retail Prices (Dollars per Gallon),3.754,$/GAL
2025-11-10,R10,PADD 1,EPD2DXL0,No 2 Diesel Low Sulfur (0-15 ppm),PTE,Retail Sales,EMD_EPD2DXL0_PTE_R10_DPG,East Coast No 2 Diesel Ultra Low Sulfur (0-15 ppm) Retail Prices (Dollars per Gallon),3.823,$/GAL
2025-11-17,R10,PADD 1,EPD2DXL0,No 2 Diesel Low Sulfur (0-15 ppm),PTE,Retail Sales,EMD_EPD2DXL0_PTE_R10_DPG,East Coast No 2 Diesel Ultra Low Sulfur (0-15 ppm) Retail Prices (Dollars per Gallon),3.856,$/GAL
2025-11-24,R10,PADD 1,EPD2DXL0,No 2 Diesel Low Sulfur (0-15 ppm),PTE,Retail Sales,EMD_EPD2DXL0_PTE_R10_DPG,East Coast No 2 Diesel Ultra Low Sulfur (0-15 ppm) Retail Prices (Dollars per Gallon),3.862,$/GAL
2025-12-01,R10,PADD 1,EPD2DXL0,No 2 Diesel Low Sulfur (0-15 ppm),PTE,Retail Sales,EMD_EPD2DXL0_PTE_R10_DPG,East Coast No 2 Diesel Ultra Low Sulfur (0-15 ppm) Retail Prices (Dollars per Gallon),3.785,$/GAL
2025-12-08,R10,PADD 1,EPD2DXL0,No 2 Diesel Low Sulfur (0-15 ppm),PTE,Retail Sales,EMD_EPD2DXL0_PTE_R10_DPG,East Coast No 2 Diesel Ultra Low Sulfur (0-15 ppm) Retail Prices (Dollars per Gallon),3.729,$/GAL
2025-12-15,R10,PADD 1,EPD2DXL0,No 2 Diesel Low Sulfur (0-15 ppm),PTE,Retail Sales,EMD_EPD2DXL0_PTE_R10_DPG,East Coast No 2 Diesel Ultra Low Sulfur (0-15 ppm) Retail Prices (Dollars per Gallon),3.703,$/GAL
2025-12-22,R10,PADD 1,EPD2DXL0,No 2 Diesel Low Sulfur (0-15 ppm),PTE,Retail Sales,EMD_EPD2DXL0_PTE_R10_DPG,East Coast No 2 Diesel Ultra Low Sulfur (0-15 ppm) Retail Prices (Dollars per Gallon),3.674,$/GAL
2025-12-29,R10,PADD 1,EPD2DXL0,No 2 Diesel Low Sulfur (0-15 ppm),PTE,Retail Sales,EMD_EPD2DXL0_PTE_R10_DPG,East Coast No 2 Diesel Ultra Low Sulfur (0-15 ppm) Retail Prices (Dollars per Gallon),3.645,$/GAL
2026-01-05,R10,PADD 1,EPD2DXL0,No 2 Diesel Low Sulfur (0-15 ppm),PTE,Retail Sales,EMD_EPD2DXL0_PTE_R10_DPG,East Coast No 2 Diesel Ultra Low Sulfur (0-15 ppm) Retail Prices (Dollars per Gallon),3.63,$/GAL
2026-01-12,R10,PADD 1,EPD2DXL0,No 2 Diesel Low Sulfur (0-15 ppm),PTE,Retail Sales,EMD_EPD2DXL0_PTE_R10_DPG,East Coast No 2 Diesel Ultra Low Sulfur (0-15 ppm) Retail Prices (Dollars per Gallon),3.613,$/GAL
2026-01-19,R10,PADD 1,EPD2DXL0,No 2 Diesel Low Sulfur (0-15 ppm),PTE,Retail Sales,EMD_EPD2DXL0_PTE_R10_DPG,East Coast No 2 Diesel Ultra Low Sulfur (0-15 ppm) Retail Prices (Dollars per Gallon),3.653,$/GAL
2026-01-26,R10,PADD 1,EPD2DXL0,No 2 Diesel Low Sulfur (0-15 ppm),PTE,Retail Sales,EMD_EPD2DXL0_PTE_R10_DPG,East Coast No 2 Diesel Ultra Low Sulfur (0-15 ppm) Retail Prices (Dollars per Gallon),3.694,$/GAL
2026-02-02,R10,PADD 1,EPD2DXL0,No 2 Diesel Low Sulfur (0-15 ppm),PTE,Retail Sales,EMD_EPD2DXL0_PTE_R10_DPG,East Coast No 2 Diesel Ultra Low Sulfur (0-15 ppm) Retail Prices (Dollars per Gallon),3.763,$/GAL
2026-02-09,R10,PADD 1,EPD2DXL0,No 2 Diesel Low Sulfur (0-15 ppm),PTE,Retail Sales,EMD_EPD2DXL0_PTE_R10_DPG,East Coast No 2 Diesel Ultra Low Sulfur (0-15 ppm) Retail Prices (Dollars per Gallon),3.756,$/GAL
2026-02-16,R10,PADD 1,EPD2DXL0,No 2 Diesel Low Sulfur (0-15 ppm),PTE,Retail Sales,EMD_EPD2DXL0_PTE_R10_DPG,East Coast No 2 Diesel Ultra Low Sulfur (0-15 ppm) Retail Prices (Dollars per Gallon),3.763,$/GAL
2026-02-23,R10,PADD 1,EPD2DXL0,No 2 Diesel Low Sulfur (0-15 ppm),PTE,Retail Sales,EMD_EPD2DXL0_PTE_R10_DPG,East Coast No 2 Diesel Ultra Low Sulfur (0-15 ppm) Retail Prices (Dollars per Gallon),3.843,$/GAL
2026-03-02,R10,PADD 1,EPD2DXL0,No 2 Diesel Low Sulfur (0-15 ppm),PTE,Retail Sales,EMD_EPD2DXL0_PTE_R10_DPG,East Coast No 2 Diesel Ultra Low Sulfur (0-15 ppm) Retail Prices (Dollars per Gallon),3.924,$/GAL
2026-03-09,R10,PADD 1,EPD2DXL0,No 2 Diesel Low Sulfur (0-15 ppm),PTE,Retail Sales,EMD_EPD2DXL0_PTE_R10_DPG,East Coast No 2 Diesel Ultra Low Sulfur (0-15 ppm) Retail Prices (Dollars per Gallon),4.901,$/GAL
2026-03-16,R10,PADD 1,EPD2DXL0,No 2 Diesel Low Sulfur (0-15 ppm),PTE,Retail Sales,EMD_EPD2DXL0_PTE_R10_DPG,East Coast No 2 Diesel Ultra Low Sulfur (0-15 ppm) Retail Prices (Dollars per Gallon),5.105,$/GAL
2024-03-25,R1X,PADD 1A,EPD2DXL0,No 2 Diesel Low Sulfur (0-15 ppm),PTE,Retail Sales,EMD_EPD2DXL0_PTE_R1X_DPG,New England (PADD 1A) No 2 Diesel Ultra Low Sulfur (0-15 ppm) Retail Prices (Dollars per Gallon),4.321,$/GAL
2024-04-01,R1X,PADD 1A,EPD2DXL0,No 2 Diesel Low Sulfur (0-15 ppm),PTE,Retail Sales,EMD_EPD2DXL0_PTE_R1X_DPG,New England (PADD 1A) No 2 Diesel Ultra Low Sulfur (0-15 ppm) Retail Prices (Dollars per Gallon),4.305,$/GAL
2024-04-08,R1X,PADD 1A,EPD2DXL0,No 2 Diesel Low Sulfur (0-15 ppm),PTE,Retail Sales,EMD_EPD2DXL0_PTE_R1X_DPG,New England (PADD 1A) No 2 Diesel Ultra Low Sulfur (0-15 ppm) Retail Prices (Dollars per Gallon),4.305,$/GAL
2024-04-15,R1X,PADD 1A,EPD2DXL0,No 2 Diesel Low Sulfur (0-15 ppm),PTE,Retail Sales,EMD_EPD2DXL0_PTE_R1X_DPG,New England (PADD 1A) No 2 Diesel Ultra Low Sulfur (0-15 ppm) Retail Prices (Dollars per Gallon),4.311,$/GAL
2024-04-22,R1X,PADD 1A,EPD2DXL0,No 2 Diesel Low Sulfur (0-15 ppm),PTE,Retail Sales,EMD_EPD2DXL0_PTE_R1X_DPG,New England (PADD 1A) No 2 Diesel Ultra Low Sulfur (0-15 ppm) Retail Prices (Dollars per Gallon),4.326,$/GAL
2024-04-29,R1X,PADD 1A,EPD2DXL0,No 2 Diesel Low Sulfur (0-15 ppm),PTE,Retail Sales,EMD_EPD2DXL0_PTE_R1X_DPG,New England (PADD 1A) No 2 Diesel Ultra Low Sulfur (0-15 ppm) Retail Prices (Dollars per Gallon),4.309,$/GAL
2024-05-06,R1X,PADD 1A,EPD2DXL0,No 2 Diesel Low Sulfur (0-15 ppm),PTE,Retail Sales,EMD_EPD2DXL0_PTE_R1X_DPG,New England (PADD 1A) No 2 Diesel Ultra Low Sulfur (0-15 ppm) Retail Prices (Dollars per Gallon),4.277,$/GAL
2024-05-13,R1X,PADD 1A,EPD2DXL0,No 2 Diesel Low Sulfur (0-15 ppm),PTE,Retail Sales,EMD_EPD2DXL0_PTE_R1X_DPG,New England (PADD 1A) No 2 Diesel Ultra Low Sulfur (0-15 ppm) Retail Prices (Dollars per Gallon),4.233,$/GAL
2024-05-20,R1X,PADD 1A,EPD2DXL0,No 2 Diesel Low Sulfur (0-15 ppm),PTE,Retail Sales,EMD_EPD2DXL0_PTE_R1X_DPG,New England (PADD 1A) No 2 Diesel Ultra Low Sulfur (0-15 ppm) Retail Prices (Dollars per Gallon),4.174,$/GAL
2024-05-27,R1X,PADD 1A,EPD2DXL0,No 2 Diesel Low Sulfur (0-15 ppm),PTE,Retail Sales,EMD_EPD2DXL0_PTE_R1X_DPG,New England (PADD 1A) No 2 Diesel Ultra Low Sulfur (0-15 ppm) Retail Prices (Dollars per Gallon),4.148,$/GAL
2024-06-03,R1X,PADD 1A,EPD2DXL0,No 2 Diesel Low Sulfur (0-15 ppm),PTE,Retail Sales,EMD_EPD2DXL0_PTE_R1X_DPG,New England (PADD 1A) No 2 Diesel Ultra Low Sulfur (0-15 ppm) Retail Prices (Dollars per Gallon),4.105,$/GAL
2024-06-10,R1X,PADD 1A,EPD2DXL0,No 2 Diesel Low Sulfur (0-15 ppm),PTE,Retail Sales,EMD_EPD2DXL0_PTE_R1X_DPG,New England (PADD 1A) No 2 Diesel Ultra Low Sulfur (0-15 ppm) Retail Prices (Dollars per Gallon),4.086,$/GAL
2024-06-17,R1X,PADD 1A,EPD2DXL0,No 2 Diesel Low Sulfur (0-15 ppm),PTE,Retail Sales,EMD_EPD2DXL0_PTE_R1X_DPG,New England (PADD 1A) No 2 Diesel Ultra Low Sulfur (0-15 ppm) Retail Prices (Dollars per Gallon),4.085,$/GAL
2024-06-24,R1X,PADD 1A,EPD2DXL0,No 2 Diesel Low Sulfur (0-15 ppm),PTE,Retail Sales,EMD_EPD2DXL0_PTE_R1X_DPG,New England (PADD 1A) No 2 Diesel Ultra Low Sulfur (0-15 ppm) Retail Prices (Dollars per Gallon),4.088,$/GAL
2024-07-01,R1X,PADD 1A,EPD2DXL0,No 2 Diesel Low Sulfur (0-15 ppm),PTE,Retail Sales,EMD_EPD2DXL0_PTE_R1X_DPG,New England (PADD 1A) No 2 Diesel Ultra Low Sulfur (0-15 ppm) Retail Prices (Dollars per Gallon),4.096,$/GAL
2024-07-08,R1X,PADD 1A,EPD2DXL0,No 2 Diesel Low Sulfur (0-15 ppm),PTE,Retail Sales,EMD_EPD2DXL0_PTE_R1X_DPG,New England (PADD 1A) No 2 Diesel Ultra Low Sulfur (0-15 ppm) Retail Prices (Dollars per Gallon),4.101,$/GAL
2024-07-15,R1X,PADD 1A,EPD2DXL0,No 2 Diesel Low Sulfur (0-15 ppm),PTE,Retail Sales,EMD_EPD2DXL0_PTE_R1X_DPG,New England (PADD 1A) No 2 Diesel Ultra Low Sulfur (0-15 ppm) Retail Prices (Dollars per Gallon),4.109,$/GAL
2024-07-22,R1X,PADD 1A,EPD2DXL0,No 2 Diesel Low Sulfur (0-15 ppm),PTE,Retail Sales,EMD_EPD2DXL0_PTE_R1X_DPG,New England (PADD 1A) No 2 Diesel Ultra Low Sulfur (0-15 ppm) Retail Prices (Dollars per Gallon),4.101,$/GAL
2024-07-29,R1X,PADD 1A,EPD2DXL0,No 2 Diesel Low Sulfur (0-15 ppm),PTE,Retail Sales,EMD_EPD2DXL0_PTE_R1X_DPG,New England (PADD 1A) No 2 Diesel Ultra Low Sulfur (0-15 ppm) Retail Prices (Dollars per Gallon),4.089,$/GAL
2024-08-05,R1X,PADD 1A,EPD2DXL0,No 2 Diesel Low Sulfur (0-15 ppm),PTE,Retail Sales,EMD_EPD2DXL0_PTE_R1X_DPG,New England (PADD 1A) No 2 Diesel Ultra Low Sulfur (0-15 ppm) Retail Prices (Dollars per Gallon),4.073,$/GAL
2024-08-12,R1X,PADD 1A,EPD2DXL0,No 2 Diesel Low Sulfur (0-15 ppm),PTE,Retail Sales,EMD_EPD2DXL0_PTE_R1X_DPG,New England (PADD 1A) No 2 Diesel Ultra Low Sulfur (0-15 ppm) Retail Prices (Dollars per Gallon),4.058,$/GAL
2024-08-19,R1X,PADD 1A,EPD2DXL0,No 2 Diesel Low Sulfur (0-15 ppm),PTE,Retail Sales,EMD_EPD2DXL0_PTE_R1X_DPG,New England (PADD 1A) No 2 Diesel Ultra Low Sulfur (0-15 ppm) Retail Prices (Dollars per Gallon),4.019,$/GAL
2024-08-26,R1X,PADD 1A,EPD2DXL0,No 2 Diesel Low Sulfur (0-15 ppm),PTE,Retail Sales,EMD_EPD2DXL0_PTE_R1X_DPG,New England (PADD 1A) No 2 Diesel Ultra Low Sulfur (0-15 ppm) Retail Prices (Dollars per Gallon),3.969,$/GAL
2024-09-02,R1X,PADD 1A,EPD2DXL0,No 2 Diesel Low Sulfur (0-15 ppm),PTE,Retail Sales,EMD_EPD2DXL0_PTE_R1X_DPG,New England (PADD 1A) No 2 Diesel Ultra Low Sulfur (0-15 ppm) Retail Prices (Dollars per Gallon),3.919,$/GAL
2024-09-09,R1X,PADD 1A,EPD2DXL0,No 2 Diesel Low Sulfur (0-15 ppm),PTE,Retail Sales,EMD_EPD2DXL0_PTE_R1X_DPG,New England (PADD 1A) No 2 Diesel Ultra Low Sulfur (0-15 ppm) Retail Prices (Dollars per Gallon),3.871,$/GAL
2024-09-16,R1X,PADD 1A,EPD2DXL0,No 2 Diesel Low Sulfur (0-15 ppm),PTE,Retail Sales,EMD_EPD2DXL0_PTE_R1X_DPG,New England (PADD 1A) No 2 Diesel Ultra Low Sulfur (0-15 ppm) Retail Prices (Dollars per Gallon),3.818,$/GAL
2024-09-23,R1X,PADD 1A,EPD2DXL0,No 2 Diesel Low Sulfur (0-15 ppm),PTE,Retail Sales,EMD_EPD2DXL0_PTE_R1X_DPG,New England (PADD 1A) No 2 Diesel Ultra Low Sulfur (0-15 ppm) Retail Prices (Dollars per Gallon),3.797,$/GAL
2024-09-30,R1X,PADD 1A,EPD2DXL0,No 2 Diesel Low Sulfur (0-15 ppm),PTE,Retail Sales,EMD_EPD2DXL0_PTE_R1X_DPG,New England (PADD 1A) No 2 Diesel Ultra Low Sulfur (0-15 ppm) Retail Prices (Dollars per Gallon),3.788,$/GAL
2024-10-07,R1X,PADD 1A,EPD2DXL0,No 2 Diesel Low Sulfur (0-15 ppm),PTE,Retail Sales,EMD_EPD2DXL0_PTE_R1X_DPG,New England (PADD 1A) No 2 Diesel Ultra Low Sulfur (0-15 ppm) Retail Prices (Dollars per Gallon),3.765,$/GAL
2024-10-14,R1X,PADD 1A,EPD2DXL0,No 2 Diesel Low Sulfur (0-15 ppm),PTE,Retail Sales,EMD_EPD2DXL0_PTE_R1X_DPG,New England (PADD 1A) No 2 Diesel Ultra Low Sulfur (0-15 ppm) Retail Prices (Dollars per Gallon),3.766,$/GAL
2024-10-21,R1X,PADD 1A,EPD2DXL0,No 2 Diesel Low Sulfur (0-15 ppm),PTE,Retail Sales,EMD_EPD2DXL0_PTE_R1X_DPG,New England (PADD 1A) No 2 Diesel Ultra Low Sulfur (0-15 ppm) Retail Prices (Dollars per Gallon),3.76,$/GAL
2024-10-28,R1X,PADD 1A,EPD2DXL0,No 2 Diesel Low Sulfur (0-15 ppm),PTE,Retail Sales,EMD_EPD2DXL0_PTE_R1X_DPG,New England (PADD 1A) No 2 Diesel Ultra Low Sulfur (0-15 ppm) Retail Prices (Dollars per Gallon),3.753,$/GAL
2024-11-04,R1X,PADD 1A,EPD2DXL0,No 2 Diesel Low Sulfur (0-15 ppm),PTE,Retail Sales,EMD_EPD2DXL0_PTE_R1X_DPG,New England (PADD 1A) No 2 Diesel Ultra Low Sulfur (0-15 ppm) Retail Prices (Dollars per Gallon),3.753,$/GAL
2024-11-11,R1X,PADD 1A,EPD2DXL0,No 2 Diesel Low Sulfur (0-15 ppm),PTE,Retail Sales,EMD_EPD2DXL0_PTE_R1X_DPG,New England (PADD 1A) No 2 Diesel Ultra Low Sulfur (0-15 ppm) Retail Prices (Dollars per Gallon),3.747,$/GAL
2024-11-18,R1X,PADD 1A,EPD2DXL0,No 2 Diesel Low Sulfur (0-15 ppm),PTE,Retail Sales,EMD_EPD2DXL0_PTE_R1X_DPG,New England (PADD 1A) No 2 Diesel Ultra Low Sulfur (0-15 ppm) Retail Prices (Dollars per Gallon),3.751,$/GAL
2024-11-25,R1X,PADD 1A,EPD2DXL0,No 2 Diesel Low Sulfur (0-15 ppm),PTE,Retail Sales,EMD_EPD2DXL0_PTE_R1X_DPG,New England (PADD 1A) No 2 Diesel Ultra Low Sulfur (0-15 ppm) Retail Prices (Dollars per Gallon),3.776,$/GAL
2024-12-02,R1X,PADD 1A,EPD2DXL0,No 2 Diesel Low Sulfur (0-15 ppm),PTE,Retail Sales,EMD_EPD2DXL0_PTE_R1X_DPG,New England (PADD 1A) No 2 Diesel Ultra Low Sulfur (0-15 ppm) Retail Prices (Dollars per Gallon),3.773,$/GAL
2024-12-09,R1X,PADD 1A,EPD2DXL0,No 2 Diesel Low Sulfur (0-15 ppm),PTE,Retail Sales,EMD_EPD2DXL0_PTE_R1X_DPG,New England (PADD 1A) No 2 Diesel Ultra Low Sulfur (0-15 ppm) Retail Prices (Dollars per Gallon),3.755,$/GAL
2024-12-16,R1X,PADD 1A,EPD2DXL0,No 2 Diesel Low Sulfur (0-15 ppm),PTE,Retail Sales,EMD_EPD2DXL0_PTE_R1X_DPG,New England (PADD 1A) No 2 Diesel Ultra Low Sulfur (0-15 ppm) Retail Prices (Dollars per Gallon),3.754,$/GAL
2024-12-23,R1X,PADD 1A,EPD2DXL0,No 2 Diesel Low Sulfur (0-15 ppm),PTE,Retail Sales,EMD_EPD2DXL0_PTE_R1X_DPG,New England (PADD 1A) No 2 Diesel Ultra Low Sulfur (0-15 ppm) Retail Prices (Dollars per Gallon),3.757,$/GAL
2024-12-30,R1X,PADD 1A,EPD2DXL0,No 2 Diesel Low Sulfur (0-15 ppm),PTE,Retail Sales,EMD_EPD2DXL0_PTE_R1X_DPG,New England (PADD 1A) No 2 Diesel Ultra Low Sulfur (0-15 ppm) Retail Prices (Dollars per Gallon),3.753,$/GAL
2025-01-06,R1X,PADD 1A,EPD2DXL0,No 2 Diesel Low Sulfur (0-15 ppm),PTE,Retail Sales,EMD_EPD2DXL0_PTE_R1X_DPG,New England (PADD 1A) No 2 Diesel Ultra Low Sulfur (0-15 ppm) Retail Prices (Dollars per Gallon),3.771,$/GAL
2025-01-13,R1X,PADD 1A,EPD2DXL0,No 2 Diesel Low Sulfur (0-15 ppm),PTE,Retail Sales,EMD_EPD2DXL0_PTE_R1X_DPG,New England (PADD 1A) No 2 Diesel Ultra Low Sulfur (0-15 ppm) Retail Prices (Dollars per Gallon),3.821,$/GAL
2025-01-20,R1X,PADD 1A,EPD2DXL0,No 2 Diesel Low Sulfur (0-15 ppm),PTE,Retail Sales,EMD_EPD2DXL0_PTE_R1X_DPG,New England (PADD 1A) No 2 Diesel Ultra Low Sulfur (0-15 ppm) Retail Prices (Dollars per Gallon),3.944,$/GAL
2025-01-27,R1X,PADD 1A,EPD2DXL0,No 2 Diesel Low Sulfur (0-15 ppm),PTE,Retail Sales,EMD_EPD2DXL0_PTE_R1X_DPG,New England (PADD 1A) No 2 Diesel Ultra Low Sulfur (0-15 ppm) Retail Prices (Dollars per Gallon),3.961,$/GAL
2025-02-03,R1X,PADD 1A,EPD2DXL0,No 2 Diesel Low Sulfur (0-15 ppm),PTE,Retail Sales,EMD_EPD2DXL0_PTE_R1X_DPG,New England (PADD 1A) No 2 Diesel Ultra Low Sulfur (0-15 ppm) Retail Prices (Dollars per Gallon),3.968,$/GAL
2025-02-10,R1X,PADD 1A,EPD2DXL0,No 2 Diesel Low Sulfur (0-15 ppm),PTE,Retail Sales,EMD_EPD2DXL0_PTE_R1X_DPG,New England (PADD 1A) No 2 Diesel Ultra Low Sulfur (0-15 ppm) Retail Prices (Dollars per Gallon),3.97,$/GAL
2025-02-17,R1X,PADD 1A,EPD2DXL0,No 2 Diesel Low Sulfur (0-15 ppm),PTE,Retail Sales,EMD_EPD2DXL0_PTE_R1X_DPG,New England (PADD 1A) No 2 Diesel Ultra Low Sulfur (0-15 ppm) Retail Prices (Dollars per Gallon),4.021,$/GAL
2025-02-24,R1X,PADD 1A,EPD2DXL0,No 2 Diesel Low Sulfur (0-15 ppm),PTE,Retail Sales,EMD_EPD2DXL0_PTE_R1X_DPG,New England (PADD 1A) No 2 Diesel Ultra Low Sulfur (0-15 ppm) Retail Prices (Dollars per Gallon),4.043,$/GAL
2025-03-03,R1X,PADD 1A,EPD2DXL0,No 2 Diesel Low Sulfur (0-15 ppm),PTE,Retail Sales,EMD_EPD2DXL0_PTE_R1X_DPG,New England (PADD 1A) No 2 Diesel Ultra Low Sulfur (0-15 ppm) Retail Prices (Dollars per Gallon),4.037,$/GAL
2025-03-10,R1X,PADD 1A,EPD2DXL0,No 2 Diesel Low Sulfur (0-15 ppm),PTE,Retail Sales,EMD_EPD2DXL0_PTE_R1X_DPG,New England (PADD 1A) No 2 Diesel Ultra Low Sulfur (0-15 ppm) Retail Prices (Dollars per Gallon),4.031,$/GAL
2025-03-17,R1X,PADD 1A,EPD2DXL0,No 2 Diesel Low Sulfur (0-15 ppm),PTE,Retail Sales,EMD_EPD2DXL0_PTE_R1X_DPG,New England (PADD 1A) No 2 Diesel Ultra Low Sulfur (0-15 ppm) Retail Prices (Dollars per Gallon),3.987,$/GAL
2025-03-24,R1X,PADD 1A,EPD2DXL0,No 2 Diesel Low Sulfur (0-15 ppm),PTE,Retail Sales,EMD_EPD2DXL0_PTE_R1X_DPG,New England (PADD 1A) No 2 Diesel Ultra Low Sulfur (0-15 ppm) Retail Prices (Dollars per Gallon),3.987,$/GAL
2025-03-31,R1X,PADD 1A,EPD2DXL0,No 2 Diesel Low Sulfur (0-15 ppm),PTE,Retail Sales,EMD_EPD2DXL0_PTE_R1X_DPG,New England (PADD 1A) No 2 Diesel Ultra Low Sulfur (0-15 ppm) Retail Prices (Dollars per Gallon),3.983,$/GAL
2025-04-07,R1X,PADD 1A,EPD2DXL0,No 2 Diesel Low Sulfur (0-15 ppm),PTE,Retail Sales,EMD_EPD2DXL0_PTE_R1X_DPG,New England (PADD 1A) No 2 Diesel Ultra Low Sulfur (0-15 ppm) Retail Prices (Dollars per Gallon),4.006,$/GAL
2025-04-14,R1X,PADD 1A,EPD2DXL0,No 2 Diesel Low Sulfur (0-15 ppm),PTE,Retail Sales,EMD_EPD2DXL0_PTE_R1X_DPG,New England (PADD 1A) No 2 Diesel Ultra Low Sulfur (0-15 ppm) Retail Prices (Dollars per Gallon),3.962,$/GAL
2025-04-21,R1X,PADD 1A,EPD2DXL0,No 2 Diesel Low Sulfur (0-15 ppm),PTE,Retail Sales,EMD_EPD2DXL0_PTE_R1X_DPG,New England (PADD 1A) No 2 Diesel Ultra Low Sulfur (0-15 ppm) Retail Prices (Dollars per Gallon),3.933,$/GAL
2025-04-28,R1X,PADD 1A,EPD2DXL0,No 2 Diesel Low Sulfur (0-15 ppm),PTE,Retail Sales,EMD_EPD2DXL0_PTE_R1X_DPG,New England (PADD 1A) No 2 Diesel Ultra Low Sulfur (0-15 ppm) Retail Prices (Dollars per Gallon),3.908,$/GAL
2025-05-05,R1X,PADD 1A,EPD2DXL0,No 2 Diesel Low Sulfur (0-15 ppm),PTE,Retail Sales,EMD_EPD2DXL0_PTE_R1X_DPG,New England (PADD 1A) No 2 Diesel Ultra Low Sulfur (0-15 ppm) Retail Prices (Dollars per Gallon),3.895,$/GAL
2025-05-12,R1X,PADD 1A,EPD2DXL0,No 2 Diesel Low Sulfur (0-15 ppm),PTE,Retail Sales,EMD_EPD2DXL0_PTE_R1X_DPG,New England (PADD 1A) No 2 Diesel Ultra Low Sulfur (0-15 ppm) Retail Prices (Dollars per Gallon),3.877,$/GAL
2025-05-19,R1X,PADD 1A,EPD2DXL0,No 2 Diesel Low Sulfur (0-15 ppm),PTE,Retail Sales,EMD_EPD2DXL0_PTE_R1X_DPG,New England (PADD 1A) No 2 Diesel Ultra Low Sulfur (0-15 ppm) Retail Prices (Dollars per Gallon),3.897,$/GAL
2025-05-26,R1X,PADD 1A,EPD2DXL0,No 2 Diesel Low Sulfur (0-15 ppm),PTE,Retail Sales,EMD_EPD2DXL0_PTE_R1X_DPG,New England (PADD 1A) No 2 Diesel Ultra Low Sulfur (0-15 ppm) Retail Prices (Dollars per Gallon),3.882,$/GAL
2025-06-02,R1X,PADD 1A,EPD2DXL0,No 2 Diesel Low Sulfur (0-15 ppm),PTE,Retail Sales,EMD_EPD2DXL0_PTE_R1X_DPG,New England (PADD 1A) No 2 Diesel Ultra Low Sulfur (0-15 ppm) Retail Prices (Dollars per Gallon),3.885,$/GAL
2025-06-09,R1X,PADD 1A,EPD2DXL0,No 2 Diesel Low Sulfur (0-15 ppm),PTE,Retail Sales,EMD_EPD2DXL0_PTE_R1X_DPG,New England (PADD 1A) No 2 Diesel Ultra Low Sulfur (0-15 ppm) Retail Prices (Dollars per Gallon),3.884,$/GAL
2025-06-16,R1X,PADD 1A,EPD2DXL0,No 2 Diesel Low Sulfur (0-15 ppm),PTE,Retail Sales,EMD_EPD2DXL0_PTE_R1X_DPG,New England (PADD 1A) No 2 Diesel Ultra Low Sulfur (0-15 ppm) Retail Prices (Dollars per Gallon),3.895,$/GAL
2025-06-23,R1X,PADD 1A,EPD2DXL0,No 2 Diesel Low Sulfur (0-15 ppm),PTE,Retail Sales,EMD_EPD2DXL0_PTE_R1X_DPG,New England (PADD 1A) No 2 Diesel Ultra Low Sulfur (0-15 ppm) Retail Prices (Dollars per Gallon),3.967,$/GAL
2025-06-30,R1X,PADD 1A,EPD2DXL0,No 2 Diesel Low Sulfur (0-15 ppm),PTE,Retail Sales,EMD_EPD2DXL0_PTE_R1X_DPG,New England (PADD 1A) No 2 Diesel Ultra Low Sulfur (0-15 ppm) Retail Prices (Dollars per Gallon),3.98,$/GAL
2025-07-07,R1X,PADD 1A,EPD2DXL0,No 2 Diesel Low Sulfur (0-15 ppm),PTE,Retail Sales,EMD_EPD2DXL0_PTE_R1X_DPG,New England (PADD 1A) No 2 Diesel Ultra Low Sulfur (0-15 ppm) Retail Prices (Dollars per Gallon),3.967,$/GAL
2025-07-14,R1X,PADD 1A,EPD2DXL0,No 2 Diesel Low Sulfur (0-15 ppm),PTE,Retail Sales,EMD_EPD2DXL0_PTE_R1X_DPG,New England (PADD 1A) No 2 Diesel Ultra Low Sulfur (0-15 ppm) Retail Prices (Dollars per Gallon),3.969,$/GAL
2025-07-21,R1X,PADD 1A,EPD2DXL0,No 2 Diesel Low Sulfur (0-15 ppm),PTE,Retail Sales,EMD_EPD2DXL0_PTE_R1X_DPG,New England (PADD 1A) No 2 Diesel Ultra Low Sulfur (0-15 ppm) Retail Prices (Dollars per Gallon),3.984,$/GAL
2025-07-28,R1X,PADD 1A,EPD2DXL0,No 2 Diesel Low Sulfur (0-15 ppm),PTE,Retail Sales,EMD_EPD2DXL0_PTE_R1X_DPG,New England (PADD 1A) No 2 Diesel Ultra Low Sulfur (0-15 ppm) Retail Prices (Dollars per Gallon),3.974,$/GAL
2025-08-04,R1X,PADD 1A,EPD2DXL0,No 2 Diesel Low Sulfur (0-15 ppm),PTE,Retail Sales,EMD_EPD2DXL0_PTE_R1X_DPG,New England (PADD 1A) No 2 Diesel Ultra Low Sulfur (0-15 ppm) Retail Prices (Dollars per Gallon),3.992,$/GAL
2025-08-11,R1X,PADD 1A,EPD2DXL0,No 2 Diesel Low Sulfur (0-15 ppm),PTE,Retail Sales,EMD_EPD2DXL0_PTE_R1X_DPG,New England (PADD 1A) No 2 Diesel Ultra Low Sulfur (0-15 ppm) Retail Prices (Dollars per Gallon),3.985,$/GAL
2025-08-18,R1X,PADD 1A,EPD2DXL0,No 2 Diesel Low Sulfur (0-15 ppm),PTE,Retail Sales,EMD_EPD2DXL0_PTE_R1X_DPG,New England (PADD 1A) No 2 Diesel Ultra Low Sulfur (0-15 ppm) Retail Prices (Dollars per Gallon),3.969,$/GAL
2025-08-25,R1X,PADD 1A,EPD2DXL0,No 2 Diesel Low Sulfur (0-15 ppm),PTE,Retail Sales,EMD_EPD2DXL0_PTE_R1X_DPG,New England (PADD 1A) No 2 Diesel Ultra Low Sulfur (0-15 ppm) Retail Prices (Dollars per Gallon),3.968,$/GAL
2025-09-01,R1X,PADD 1A,EPD2DXL0,No 2 Diesel Low Sulfur (0-15 ppm),PTE,Retail Sales,EMD_EPD2DXL0_PTE_R1X_DPG,New England (PADD 1A) No 2 Diesel Ultra Low Sulfur (0-15 ppm) Retail Prices (Dollars per Gallon),3.948,$/GAL
2025-09-08,R1X,PADD 1A,EPD2DXL0,No 2 Diesel Low Sulfur (0-15 ppm),PTE,Retail Sales,EMD_EPD2DXL0_PTE_R1X_DPG,New England (PADD 1A) No 2 Diesel Ultra Low Sulfur (0-15 ppm) Retail Prices (Dollars per Gallon),3.955,$/GAL
2025-09-15,R1X,PADD 1A,EPD2DXL0,No 2 Diesel Low Sulfur (0-15 ppm),PTE,Retail Sales,EMD_EPD2DXL0_PTE_R1X_DPG,New England (PADD 1A) No 2 Diesel Ultra Low Sulfur (0-15 ppm) Retail Prices (Dollars per Gallon),3.961,$/GAL
2025-09-22,R1X,PADD 1A,EPD2DXL0,No 2 Diesel Low Sulfur (0-15 ppm),PTE,Retail Sales,EMD_EPD2DXL0_PTE_R1X_DPG,New England (PADD 1A) No 2 Diesel Ultra Low Sulfur (0-15 ppm) Retail Prices (Dollars per Gallon),3.962,$/GAL
2025-09-29,R1X,PADD 1A,EPD2DXL0,No 2 Diesel Low Sulfur (0-15 ppm),PTE,Retail Sales,EMD_EPD2DXL0_PTE_R1X_DPG,New England (PADD 1A) No 2 Diesel Ultra Low Sulfur (0-15 ppm) Retail Prices (Dollars per Gallon),3.962,$/GAL
2025-10-06,R1X,PADD 1A,EPD2DXL0,No 2 Diesel Low Sulfur (0-15 ppm),PTE,Retail Sales,EMD_EPD2DXL0_PTE_R1X_DPG,New England (PADD 1A) No 2 Diesel Ultra Low Sulfur (0-15 ppm) Retail Prices (Dollars per Gallon),3.958,$/GAL
2025-10-13,R1X,PADD 1A,EPD2DXL0,No 2 Diesel Low Sulfur (0-15 ppm),PTE,Retail Sales,EMD_EPD2DXL0_PTE_R1X_DPG,New England (PADD 1A) No 2 Diesel Ultra Low Sulfur (0-15 ppm) Retail Prices (Dollars per Gallon),3.949,$/GAL
2025-10-20,R1X,PADD 1A,EPD2DXL0,No 2 Diesel Low Sulfur (0-15 ppm),PTE,Retail Sales,EMD_EPD2DXL0_PTE_R1X_DPG,New England (PADD 1A) No 2 Diesel Ultra Low Sulfur (0-15 ppm) Retail Prices (Dollars per Gallon),3.943,$/GAL
2025-10-27,R1X,PADD 1A,EPD2DXL0,No 2 Diesel Low Sulfur (0-15 ppm),PTE,Retail Sales,EMD_EPD2DXL0_PTE_R1X_DPG,New England (PADD 1A) No 2 Diesel Ultra Low Sulfur (0-15 ppm) Retail Prices (Dollars per Gallon),3.933,$/GAL
2025-11-03,R1X,PADD 1A,EPD2DXL0,No 2 Diesel Low Sulfur (0-15 ppm),PTE,Retail Sales,EMD_EPD2DXL0_PTE_R1X_DPG,New England (PADD 1A) No 2 Diesel Ultra Low Sulfur (0-15 ppm) Retail Prices (Dollars per Gallon),3.936,$/GAL
2025-11-10,R1X,PADD 1A,EPD2DXL0,No 2 Diesel Low Sulfur (0-15 ppm),PTE,Retail Sales,EMD_EPD2DXL0_PTE_R1X_DPG,New England (PADD 1A) No 2 Diesel Ultra Low Sulfur (0-15 ppm) Retail Prices (Dollars per Gallon),3.955,$/GAL
2025-11-17,R1X,PADD 1A,EPD2DXL0,No 2 Diesel Low Sulfur (0-15 ppm),PTE,Retail Sales,EMD_EPD2DXL0_PTE_R1X_DPG,New England (PADD 1A) No 2 Diesel Ultra Low Sulfur (0-15 ppm) Retail Prices (Dollars per Gallon),4.021,$/GAL
2025-11-24,R1X,PADD 1A,EPD2DXL0,No 2 Diesel Low Sulfur (0-15 ppm),PTE,Retail Sales,EMD_EPD2DXL0_PTE_R1X_DPG,New England (PADD 1A) No 2 Diesel Ultra Low Sulfur (0-15 ppm) Retail Prices (Dollars per Gallon),4.057,$/GAL
2025-12-01,R1X,PADD 1A,EPD2DXL0,No 2 Diesel Low Sulfur (0-15 ppm),PTE,Retail Sales,EMD_EPD2DXL0_PTE_R1X_DPG,New England (PADD 1A) No 2 Diesel Ultra Low Sulfur (0-15 ppm) Retail Prices (Dollars per Gallon),4.049,$/GAL
2025-12-08,R1X,PADD 1A,EPD2DXL0,No 2 Diesel Low Sulfur (0-15 ppm),PTE,Retail Sales,EMD_EPD2DXL0_PTE_R1X_DPG,New England (PADD 1A) No 2 Diesel Ultra Low Sulfur (0-15 ppm) Retail Prices (Dollars per Gallon),4.04,$/GAL
2025-12-15,R1X,PADD 1A,EPD2DXL0,No 2 Diesel Low Sulfur (0-15 ppm),PTE,Retail Sales,EMD_EPD2DXL0_PTE_R1X_DPG,New England (PADD 1A) No 2 Diesel Ultra Low Sulfur (0-15 ppm) Retail Prices (Dollars per Gallon),4.064,$/GAL
2025-12-22,R1X,PADD 1A,EPD2DXL0,No 2 Diesel Low Sulfur (0-15 ppm),PTE,Retail Sales,EMD_EPD2DXL0_PTE_R1X_DPG,New England (PADD 1A) No 2 Diesel Ultra Low Sulfur (0-15 ppm) Retail Prices (Dollars per Gallon),4.047,$/GAL
2025-12-29,R1X,PADD 1A,EPD2DXL0,No 2 Diesel Low Sulfur (0-15 ppm),PTE,Retail Sales,EMD_EPD2DXL0_PTE_R1X_DPG,New England (PADD 1A) No 2 Diesel Ultra Low Sulfur (0-15 ppm) Retail Prices (Dollars per Gallon),4.035,$/GAL
2026-01-05,R1X,PADD 1A,EPD2DXL0,No 2 Diesel Low Sulfur (0-15 ppm),PTE,Retail Sales,EMD_EPD2DXL0_PTE_R1X_DPG,New England (PADD 1A) No 2 Diesel Ultra Low Sulfur (0-15 ppm) Retail Prices (Dollars per Gallon),4.024,$/GAL
2026-01-12,R1X,PADD 1A,EPD2DXL0,No 2 Diesel Low Sulfur (0-15 ppm),PTE,Retail Sales,EMD_EPD2DXL0_PTE_R1X_DPG,New England (PADD 1A) No 2 Diesel Ultra Low Sulfur (0-15 ppm) Retail Prices (Dollars per Gallon),4.01,$/GAL
2026-01-19,R1X,PADD 1A,EPD2DXL0,No 2 Diesel Low Sulfur (0-15 ppm),PTE,Retail Sales,EMD_EPD2DXL0_PTE_R1X_DPG,New England (PADD 1A) No 2 Diesel Ultra Low Sulfur (0-15 ppm) Retail Prices (Dollars per Gallon),4.007,$/GAL
2026-01-26,R1X,PADD 1A,EPD2DXL0,No 2 Diesel Low Sulfur (0-15 ppm),PTE,Retail Sales,EMD_EPD2DXL0_PTE_R1X_DPG,New England (PADD 1A) No 2 Diesel Ultra Low Sulfur (0-15 ppm) Retail Prices (Dollars per Gallon),4.019,$/GAL
2026-02-02,R1X,PADD 1A,EPD2DXL0,No 2 Diesel Low Sulfur (0-15 ppm),PTE,Retail Sales,EMD_EPD2DXL0_PTE_R1X_DPG,New England (PADD 1A) No 2 Diesel Ultra Low Sulfur (0-15 ppm) Retail Prices (Dollars per Gallon),4.235,$/GAL
2026-02-09,R1X,PADD 1A,EPD2DXL0,No 2 Diesel Low Sulfur (0-15 ppm),PTE,Retail Sales,EMD_EPD2DXL0_PTE_R1X_DPG,New England (PADD 1A) No 2 Diesel Ultra Low Sulfur (0-15 ppm) Retail Prices (Dollars per Gallon),4.236,$/GAL
2026-02-16,R1X,PADD 1A,EPD2DXL0,No 2 Diesel Low Sulfur (0-15 ppm),PTE,Retail Sales,EMD_EPD2DXL0_PTE_R1X_DPG,New England (PADD 1A) No 2 Diesel Ultra Low Sulfur (0-15 ppm) Retail Prices (Dollars per Gallon),4.215,$/GAL
2026-02-23,R1X,PADD 1A,EPD2DXL0,No 2 Diesel Low Sulfur (0-15 ppm),PTE,Retail Sales,EMD_EPD2DXL0_PTE_R1X_DPG,New England (PADD 1A) No 2 Diesel Ultra Low Sulfur (0-15 ppm) Retail Prices (Dollars per Gallon),4.201,$/GAL
2026-03-02,R1X,PADD 1A,EPD2DXL0,No 2 Diesel Low Sulfur (0-15 ppm),PTE,Retail Sales,EMD_EPD2DXL0_PTE_R1X_DPG,New England (PADD 1A) No 2 Diesel Ultra Low Sulfur (0-15 ppm) Retail Prices (Dollars per Gallon),4.314,$/GAL
2026-03-09,R1X,PADD 1A,EPD2DXL0,No 2 Diesel Low Sulfur (0-15 ppm),PTE,Retail Sales,EMD_EPD2DXL0_PTE_R1X_DPG,New England (PADD 1A) No 2 Diesel Ultra Low Sulfur (0-15 ppm) Retail Prices (Dollars per Gallon),4.97,$/GAL
2026-03-16,R1X,PADD 1A,EPD2DXL0,No 2 Diesel Low Sulfur (0-15 ppm),PTE,Retail Sales,EMD_EPD2DXL0_PTE_R1X_DPG,New England (PADD 1A) No 2 Diesel Ultra Low Sulfur (0-15 ppm) Retail Prices (Dollars per Gallon),5.236,$/GAL
2024-03-25,R1Y,PADD 1B,EPD2DXL0,No 2 Diesel Low Sulfur (0-15 ppm),PTE,Retail Sales,EMD_EPD2DXL0_PTE_R1Y_DPG,Central Atlantic (PADD 1B) No 2 Diesel Ultra Low Sulfur (0-15 ppm) Retail Prices (Dollars per Gallon),4.294,$/GAL
2024-04-01,R1Y,PADD 1B,EPD2DXL0,No 2 Diesel Low Sulfur (0-15 ppm),PTE,Retail Sales,EMD_EPD2DXL0_PTE_R1Y_DPG,Central Atlantic (PADD 1B) No 2 Diesel Ultra Low Sulfur (0-15 ppm) Retail Prices (Dollars per Gallon),4.271,$/GAL
2024-04-08,R1Y,PADD 1B,EPD2DXL0,No 2 Diesel Low Sulfur (0-15 ppm),PTE,Retail Sales,EMD_EPD2DXL0_PTE_R1Y_DPG,Central Atlantic (PADD 1B) No 2 Diesel Ultra Low Sulfur (0-15 ppm) Retail Prices (Dollars per Gallon),4.272,$/GAL
2024-04-15,R1Y,PADD 1B,EPD2DXL0,No 2 Diesel Low Sulfur (0-15 ppm),PTE,Retail Sales,EMD_EPD2DXL0_PTE_R1Y_DPG,Central Atlantic (PADD 1B) No 2 Diesel Ultra Low Sulfur (0-15 ppm) Retail Prices (Dollars per Gallon),4.241,$/GAL
2024-04-22,R1Y,PADD 1B,EPD2DXL0,No 2 Diesel Low Sulfur (0-15 ppm),PTE,Retail Sales,EMD_EPD2DXL0_PTE_R1Y_DPG,Central Atlantic (PADD 1B) No 2 Diesel Ultra Low Sulfur (0-15 ppm) Retail Prices (Dollars per Gallon),4.255,$/GAL
2024-04-29,R1Y,PADD 1B,EPD2DXL0,No 2 Diesel Low Sulfur (0-15 ppm),PTE,Retail Sales,EMD_EPD2DXL0_PTE_R1Y_DPG,Central Atlantic (PADD 1B) No 2 Diesel Ultra Low Sulfur (0-15 ppm) Retail Prices (Dollars per Gallon),4.234,$/GAL
2024-05-06,R1Y,PADD 1B,EPD2DXL0,No 2 Diesel Low Sulfur (0-15 ppm),PTE,Retail Sales,EMD_EPD2DXL0_PTE_R1Y_DPG,Central Atlantic (PADD 1B) No 2 Diesel Ultra Low Sulfur (0-15 ppm) Retail Prices (Dollars per Gallon),4.208,$/GAL
2024-05-13,R1Y,PADD 1B,EPD2DXL0,No 2 Diesel Low Sulfur (0-15 ppm),PTE,Retail Sales,EMD_EPD2DXL0_PTE_R1Y_DPG,Central Atlantic (PADD 1B) No 2 Diesel Ultra Low Sulfur (0-15 ppm) Retail Prices (Dollars per Gallon),4.155,$/GAL
2024-05-20,R1Y,PADD 1B,EPD2DXL0,No 2 Diesel Low Sulfur (0-15 ppm),PTE,Retail Sales,EMD_EPD2DXL0_PTE_R1Y_DPG,Central Atlantic (PADD 1B) No 2 Diesel Ultra Low Sulfur (0-15 ppm) Retail Prices (Dollars per Gallon),4.114,$/GAL
2024-05-27,R1Y,PADD 1B,EPD2DXL0,No 2 Diesel Low Sulfur (0-15 ppm),PTE,Retail Sales,EMD_EPD2DXL0_PTE_R1Y_DPG,Central Atlantic (PADD 1B) No 2 Diesel Ultra Low Sulfur (0-15 ppm) Retail Prices (Dollars per Gallon),4.123,$/GAL
2024-06-03,R1Y,PADD 1B,EPD2DXL0,No 2 Diesel Low Sulfur (0-15 ppm),PTE,Retail Sales,EMD_EPD2DXL0_PTE_R1Y_DPG,Central Atlantic (PADD 1B) No 2 Diesel Ultra Low Sulfur (0-15 ppm) Retail Prices (Dollars per Gallon),4.086,$/GAL
2024-06-10,R1Y,PADD 1B,EPD2DXL0,No 2 Diesel Low Sulfur (0-15 ppm),PTE,Retail Sales,EMD_EPD2DXL0_PTE_R1Y_DPG,Central Atlantic (PADD 1B) No 2 Diesel Ultra Low Sulfur (0-15 ppm) Retail Prices (Dollars per Gallon),4.027,$/GAL
2024-06-17,R1Y,PADD 1B,EPD2DXL0,No 2 Diesel Low Sulfur (0-15 ppm),PTE,Retail Sales,EMD_EPD2DXL0_PTE_R1Y_DPG,Central Atlantic (PADD 1B) No 2 Diesel Ultra Low Sulfur (0-15 ppm) Retail Prices (Dollars per Gallon),4.05,$/GAL
2024-06-24,R1Y,PADD 1B,EPD2DXL0,No 2 Diesel Low Sulfur (0-15 ppm),PTE,Retail Sales,EMD_EPD2DXL0_PTE_R1Y_DPG,Central Atlantic (PADD 1B) No 2 Diesel Ultra Low Sulfur (0-15 ppm) Retail Prices (Dollars per Gallon),4.048,$/GAL
2024-07-01,R1Y,PADD 1B,EPD2DXL0,No 2 Diesel Low Sulfur (0-15 ppm),PTE,Retail Sales,EMD_EPD2DXL0_PTE_R1Y_DPG,Central Atlantic (PADD 1B) No 2 Diesel Ultra Low Sulfur (0-15 ppm) Retail Prices (Dollars per Gallon),4.076,$/GAL
2024-07-08,R1Y,PADD 1B,EPD2DXL0,No 2 Diesel Low Sulfur (0-15 ppm),PTE,Retail Sales,EMD_EPD2DXL0_PTE_R1Y_DPG,Central Atlantic (PADD 1B) No 2 Diesel Ultra Low Sulfur (0-15 ppm) Retail Prices (Dollars per Gallon),4.087,$/GAL
2024-07-15,R1Y,PADD 1B,EPD2DXL0,No 2 Diesel Low Sulfur (0-15 ppm),PTE,Retail Sales,EMD_EPD2DXL0_PTE_R1Y_DPG,Central Atlantic (PADD 1B) No 2 Diesel Ultra Low Sulfur (0-15 ppm) Retail Prices (Dollars per Gallon),4.067,$/GAL
2024-07-22,R1Y,PADD 1B,EPD2DXL0,No 2 Diesel Low Sulfur (0-15 ppm),PTE,Retail Sales,EMD_EPD2DXL0_PTE_R1Y_DPG,Central Atlantic (PADD 1B) No 2 Diesel Ultra Low Sulfur (0-15 ppm) Retail Prices (Dollars per Gallon),4.061,$/GAL
2024-07-29,R1Y,PADD 1B,EPD2DXL0,No 2 Diesel Low Sulfur (0-15 ppm),PTE,Retail Sales,EMD_EPD2DXL0_PTE_R1Y_DPG,Central Atlantic (PADD 1B) No 2 Diesel Ultra Low Sulfur (0-15 ppm) Retail Prices (Dollars per Gallon),4.028,$/GAL
2024-08-05,R1Y,PADD 1B,EPD2DXL0,No 2 Diesel Low Sulfur (0-15 ppm),PTE,Retail Sales,EMD_EPD2DXL0_PTE_R1Y_DPG,Central Atlantic (PADD 1B) No 2 Diesel Ultra Low Sulfur (0-15 ppm) Retail Prices (Dollars per Gallon),3.991,$/GAL
2024-08-12,R1Y,PADD 1B,EPD2DXL0,No 2 Diesel Low Sulfur (0-15 ppm),PTE,Retail Sales,EMD_EPD2DXL0_PTE_R1Y_DPG,Central Atlantic (PADD 1B) No 2 Diesel Ultra Low Sulfur (0-15 ppm) Retail Prices (Dollars per Gallon),3.961,$/GAL
2024-08-19,R1Y,PADD 1B,EPD2DXL0,No 2 Diesel Low Sulfur (0-15 ppm),PTE,Retail Sales,EMD_EPD2DXL0_PTE_R1Y_DPG,Central Atlantic (PADD 1B) No 2 Diesel Ultra Low Sulfur (0-15 ppm) Retail Prices (Dollars per Gallon),3.935,$/GAL
2024-08-26,R1Y,PADD 1B,EPD2DXL0,No 2 Diesel Low Sulfur (0-15 ppm),PTE,Retail Sales,EMD_EPD2DXL0_PTE_R1Y_DPG,Central Atlantic (PADD 1B) No 2 Diesel Ultra Low Sulfur (0-15 ppm) Retail Prices (Dollars per Gallon),3.92,$/GAL
2024-09-02,R1Y,PADD 1B,EPD2DXL0,No 2 Diesel Low Sulfur (0-15 ppm),PTE,Retail Sales,EMD_EPD2DXL0_PTE_R1Y_DPG,Central Atlantic (PADD 1B) No 2 Diesel Ultra Low Sulfur (0-15 ppm) Retail Prices (Dollars per Gallon),3.908,$/GAL
2024-09-09,R1Y,PADD 1B,EPD2DXL0,No 2 Diesel Low Sulfur (0-15 ppm),PTE,Retail Sales,EMD_EPD2DXL0_PTE_R1Y_DPG,Central Atlantic (PADD 1B) No 2 Diesel Ultra Low Sulfur (0-15 ppm) Retail Prices (Dollars per Gallon),3.847,$/GAL
2024-09-16,R1Y,PADD 1B,EPD2DXL0,No 2 Diesel Low Sulfur (0-15 ppm),PTE,Retail Sales,EMD_EPD2DXL0_PTE_R1Y_DPG,Central Atlantic (PADD 1B) No 2 Diesel Ultra Low Sulfur (0-15 ppm) Retail Prices (Dollars per Gallon),3.81,$/GAL
2024-09-23,R1Y,PADD 1B,EPD2DXL0,No 2 Diesel Low Sulfur (0-15 ppm),PTE,Retail Sales,EMD_EPD2DXL0_PTE_R1Y_DPG,Central Atlantic (PADD 1B) No 2 Diesel Ultra Low Sulfur (0-15 ppm) Retail Prices (Dollars per Gallon),3.813,$/GAL
2024-09-30,R1Y,PADD 1B,EPD2DXL0,No 2 Diesel Low Sulfur (0-15 ppm),PTE,Retail Sales,EMD_EPD2DXL0_PTE_R1Y_DPG,Central Atlantic (PADD 1B) No 2 Diesel Ultra Low Sulfur (0-15 ppm) Retail Prices (Dollars per Gallon),3.802,$/GAL
2024-10-07,R1Y,PADD 1B,EPD2DXL0,No 2 Diesel Low Sulfur (0-15 ppm),PTE,Retail Sales,EMD_EPD2DXL0_PTE_R1Y_DPG,Central Atlantic (PADD 1B) No 2 Diesel Ultra Low Sulfur (0-15 ppm) Retail Prices (Dollars per Gallon),3.821,$/GAL
2024-10-14,R1Y,PADD 1B,EPD2DXL0,No 2 Diesel Low Sulfur (0-15 ppm),PTE,Retail Sales,EMD_EPD2DXL0_PTE_R1Y_DPG,Central Atlantic (PADD 1B) No 2 Diesel Ultra Low Sulfur (0-15 ppm) Retail Prices (Dollars per Gallon),3.861,$/GAL
2024-10-21,R1Y,PADD 1B,EPD2DXL0,No 2 Diesel Low Sulfur (0-15 ppm),PTE,Retail Sales,EMD_EPD2DXL0_PTE_R1Y_DPG,Central Atlantic (PADD 1B) No 2 Diesel Ultra Low Sulfur (0-15 ppm) Retail Prices (Dollars per Gallon),3.816,$/GAL
2024-10-28,R1Y,PADD 1B,EPD2DXL0,No 2 Diesel Low Sulfur (0-15 ppm),PTE,Retail Sales,EMD_EPD2DXL0_PTE_R1Y_DPG,Central Atlantic (PADD 1B) No 2 Diesel Ultra Low Sulfur (0-15 ppm) Retail Prices (Dollars per Gallon),3.804,$/GAL
2024-11-04,R1Y,PADD 1B,EPD2DXL0,No 2 Diesel Low Sulfur (0-15 ppm),PTE,Retail Sales,EMD_EPD2DXL0_PTE_R1Y_DPG,Central Atlantic (PADD 1B) No 2 Diesel Ultra Low Sulfur (0-15 ppm) Retail Prices (Dollars per Gallon),3.792,$/GAL
2024-11-11,R1Y,PADD 1B,EPD2DXL0,No 2 Diesel Low Sulfur (0-15 ppm),PTE,Retail Sales,EMD_EPD2DXL0_PTE_R1Y_DPG,Central Atlantic (PADD 1B) No 2 Diesel Ultra Low Sulfur (0-15 ppm) Retail Prices (Dollars per Gallon),3.807,$/GAL
2024-11-18,R1Y,PADD 1B,EPD2DXL0,No 2 Diesel Low Sulfur (0-15 ppm),PTE,Retail Sales,EMD_EPD2DXL0_PTE_R1Y_DPG,Central Atlantic (PADD 1B) No 2 Diesel Ultra Low Sulfur (0-15 ppm) Retail Prices (Dollars per Gallon),3.772,$/GAL
2024-11-25,R1Y,PADD 1B,EPD2DXL0,No 2 Diesel Low Sulfur (0-15 ppm),PTE,Retail Sales,EMD_EPD2DXL0_PTE_R1Y_DPG,Central Atlantic (PADD 1B) No 2 Diesel Ultra Low Sulfur (0-15 ppm) Retail Prices (Dollars per Gallon),3.787,$/GAL
2024-12-02,R1Y,PADD 1B,EPD2DXL0,No 2 Diesel Low Sulfur (0-15 ppm),PTE,Retail Sales,EMD_EPD2DXL0_PTE_R1Y_DPG,Central Atlantic (PADD 1B) No 2 Diesel Ultra Low Sulfur (0-15 ppm) Retail Prices (Dollars per Gallon),3.793,$/GAL
2024-12-09,R1Y,PADD 1B,EPD2DXL0,No 2 Diesel Low Sulfur (0-15 ppm),PTE,Retail Sales,EMD_EPD2DXL0_PTE_R1Y_DPG,Central Atlantic (PADD 1B) No 2 Diesel Ultra Low Sulfur (0-15 ppm) Retail Prices (Dollars per Gallon),3.75,$/GAL
2024-12-16,R1Y,PADD 1B,EPD2DXL0,No 2 Diesel Low Sulfur (0-15 ppm),PTE,Retail Sales,EMD_EPD2DXL0_PTE_R1Y_DPG,Central Atlantic (PADD 1B) No 2 Diesel Ultra Low Sulfur (0-15 ppm) Retail Prices (Dollars per Gallon),3.761,$/GAL
2024-12-23,R1Y,PADD 1B,EPD2DXL0,No 2 Diesel Low Sulfur (0-15 ppm),PTE,Retail Sales,EMD_EPD2DXL0_PTE_R1Y_DPG,Central Atlantic (PADD 1B) No 2 Diesel Ultra Low Sulfur (0-15 ppm) Retail Prices (Dollars per Gallon),3.763,$/GAL
2024-12-30,R1Y,PADD 1B,EPD2DXL0,No 2 Diesel Low Sulfur (0-15 ppm),PTE,Retail Sales,EMD_EPD2DXL0_PTE_R1Y_DPG,Central Atlantic (PADD 1B) No 2 Diesel Ultra Low Sulfur (0-15 ppm) Retail Prices (Dollars per Gallon),3.774,$/GAL
2025-01-06,R1Y,PADD 1B,EPD2DXL0,No 2 Diesel Low Sulfur (0-15 ppm),PTE,Retail Sales,EMD_EPD2DXL0_PTE_R1Y_DPG,Central Atlantic (PADD 1B) No 2 Diesel Ultra Low Sulfur (0-15 ppm) Retail Prices (Dollars per Gallon),3.801,$/GAL
2025-01-13,R1Y,PADD 1B,EPD2DXL0,No 2 Diesel Low Sulfur (0-15 ppm),PTE,Retail Sales,EMD_EPD2DXL0_PTE_R1Y_DPG,Central Atlantic (PADD 1B) No 2 Diesel Ultra Low Sulfur (0-15 ppm) Retail Prices (Dollars per Gallon),3.876,$/GAL
2025-01-20,R1Y,PADD 1B,EPD2DXL0,No 2 Diesel Low Sulfur (0-15 ppm),PTE,Retail Sales,EMD_EPD2DXL0_PTE_R1Y_DPG,Central Atlantic (PADD 1B) No 2 Diesel Ultra Low Sulfur (0-15 ppm) Retail Prices (Dollars per Gallon),3.976,$/GAL
2025-01-27,R1Y,PADD 1B,EPD2DXL0,No 2 Diesel Low Sulfur (0-15 ppm),PTE,Retail Sales,EMD_EPD2DXL0_PTE_R1Y_DPG,Central Atlantic (PADD 1B) No 2 Diesel Ultra Low Sulfur (0-15 ppm) Retail Prices (Dollars per Gallon),3.995,$/GAL
2025-02-03,R1Y,PADD 1B,EPD2DXL0,No 2 Diesel Low Sulfur (0-15 ppm),PTE,Retail Sales,EMD_EPD2DXL0_PTE_R1Y_DPG,Central Atlantic (PADD 1B) No 2 Diesel Ultra Low Sulfur (0-15 ppm) Retail Prices (Dollars per Gallon),3.986,$/GAL
2025-02-10,R1Y,PADD 1B,EPD2DXL0,No 2 Diesel Low Sulfur (0-15 ppm),PTE,Retail Sales,EMD_EPD2DXL0_PTE_R1Y_DPG,Central Atlantic (PADD 1B) No 2 Diesel Ultra Low Sulfur (0-15 ppm) Retail Prices (Dollars per Gallon),3.974,$/GAL
2025-02-17,R1Y,PADD 1B,EPD2DXL0,No 2 Diesel Low Sulfur (0-15 ppm),PTE,Retail Sales,EMD_EPD2DXL0_PTE_R1Y_DPG,Central Atlantic (PADD 1B) No 2 Diesel Ultra Low Sulfur (0-15 ppm) Retail Prices (Dollars per Gallon),3.98,$/GAL
2025-02-24,R1Y,PADD 1B,EPD2DXL0,No 2 Diesel Low Sulfur (0-15 ppm),PTE,Retail Sales,EMD_EPD2DXL0_PTE_R1Y_DPG,Central Atlantic (PADD 1B) No 2 Diesel Ultra Low Sulfur (0-15 ppm) Retail Prices (Dollars per Gallon),3.962,$/GAL
2025-03-03,R1Y,PADD 1B,EPD2DXL0,No 2 Diesel Low Sulfur (0-15 ppm),PTE,Retail Sales,EMD_EPD2DXL0_PTE_R1Y_DPG,Central Atlantic (PADD 1B) No 2 Diesel Ultra Low Sulfur (0-15 ppm) Retail Prices (Dollars per Gallon),3.926,$/GAL
2025-03-10,R1Y,PADD 1B,EPD2DXL0,No 2 Diesel Low Sulfur (0-15 ppm),PTE,Retail Sales,EMD_EPD2DXL0_PTE_R1Y_DPG,Central Atlantic (PADD 1B) No 2 Diesel Ultra Low Sulfur (0-15 ppm) Retail Prices (Dollars per Gallon),3.907,$/GAL
2025-03-17,R1Y,PADD 1B,EPD2DXL0,No 2 Diesel Low Sulfur (0-15 ppm),PTE,Retail Sales,EMD_EPD2DXL0_PTE_R1Y_DPG,Central Atlantic (PADD 1B) No 2 Diesel Ultra Low Sulfur (0-15 ppm) Retail Prices (Dollars per Gallon),3.869,$/GAL
2025-03-24,R1Y,PADD 1B,EPD2DXL0,No 2 Diesel Low Sulfur (0-15 ppm),PTE,Retail Sales,EMD_EPD2DXL0_PTE_R1Y_DPG,Central Atlantic (PADD 1B) No 2 Diesel Ultra Low Sulfur (0-15 ppm) Retail Prices (Dollars per Gallon),3.872,$/GAL
2025-03-31,R1Y,PADD 1B,EPD2DXL0,No 2 Diesel Low Sulfur (0-15 ppm),PTE,Retail Sales,EMD_EPD2DXL0_PTE_R1Y_DPG,Central Atlantic (PADD 1B) No 2 Diesel Ultra Low Sulfur (0-15 ppm) Retail Prices (Dollars per Gallon),3.869,$/GAL
2025-04-07,R1Y,PADD 1B,EPD2DXL0,No 2 Diesel Low Sulfur (0-15 ppm),PTE,Retail Sales,EMD_EPD2DXL0_PTE_R1Y_DPG,Central Atlantic (PADD 1B) No 2 Diesel Ultra Low Sulfur (0-15 ppm) Retail Prices (Dollars per Gallon),3.883,$/GAL
2025-04-14,R1Y,PADD 1B,EPD2DXL0,No 2 Diesel Low Sulfur (0-15 ppm),PTE,Retail Sales,EMD_EPD2DXL0_PTE_R1Y_DPG,Central Atlantic (PADD 1B) No 2 Diesel Ultra Low Sulfur (0-15 ppm) Retail Prices (Dollars per Gallon),3.856,$/GAL
2025-04-21,R1Y,PADD 1B,EPD2DXL0,No 2 Diesel Low Sulfur (0-15 ppm),PTE,Retail Sales,EMD_EPD2DXL0_PTE_R1Y_DPG,Central Atlantic (PADD 1B) No 2 Diesel Ultra Low Sulfur (0-15 ppm) Retail Prices (Dollars per Gallon),3.819,$/GAL
2025-04-28,R1Y,PADD 1B,EPD2DXL0,No 2 Diesel Low Sulfur (0-15 ppm),PTE,Retail Sales,EMD_EPD2DXL0_PTE_R1Y_DPG,Central Atlantic (PADD 1B) No 2 Diesel Ultra Low Sulfur (0-15 ppm) Retail Prices (Dollars per Gallon),3.806,$/GAL
2025-05-05,R1Y,PADD 1B,EPD2DXL0,No 2 Diesel Low Sulfur (0-15 ppm),PTE,Retail Sales,EMD_EPD2DXL0_PTE_R1Y_DPG,Central Atlantic (PADD 1B) No 2 Diesel Ultra Low Sulfur (0-15 ppm) Retail Prices (Dollars per Gallon),3.796,$/GAL
2025-05-12,R1Y,PADD 1B,EPD2DXL0,No 2 Diesel Low Sulfur (0-15 ppm),PTE,Retail Sales,EMD_EPD2DXL0_PTE_R1Y_DPG,Central Atlantic (PADD 1B) No 2 Diesel Ultra Low Sulfur (0-15 ppm) Retail Prices (Dollars per Gallon),3.777,$/GAL
2025-05-19,R1Y,PADD 1B,EPD2DXL0,No 2 Diesel Low Sulfur (0-15 ppm),PTE,Retail Sales,EMD_EPD2DXL0_PTE_R1Y_DPG,Central Atlantic (PADD 1B) No 2 Diesel Ultra Low Sulfur (0-15 ppm) Retail Prices (Dollars per Gallon),3.788,$/GAL
2025-05-26,R1Y,PADD 1B,EPD2DXL0,No 2 Diesel Low Sulfur (0-15 ppm),PTE,Retail Sales,EMD_EPD2DXL0_PTE_R1Y_DPG,Central Atlantic (PADD 1B) No 2 Diesel Ultra Low Sulfur (0-15 ppm) Retail Prices (Dollars per Gallon),3.801,$/GAL
2025-06-02,R1Y,PADD 1B,EPD2DXL0,No 2 Diesel Low Sulfur (0-15 ppm),PTE,Retail Sales,EMD_EPD2DXL0_PTE_R1Y_DPG,Central Atlantic (PADD 1B) No 2 Diesel Ultra Low Sulfur (0-15 ppm) Retail Prices (Dollars per Gallon),3.766,$/GAL
2025-06-09,R1Y,PADD 1B,EPD2DXL0,No 2 Diesel Low Sulfur (0-15 ppm),PTE,Retail Sales,EMD_EPD2DXL0_PTE_R1Y_DPG,Central Atlantic (PADD 1B) No 2 Diesel Ultra Low Sulfur (0-15 ppm) Retail Prices (Dollars per Gallon),3.761,$/GAL
2025-06-16,R1Y,PADD 1B,EPD2DXL0,No 2 Diesel Low Sulfur (0-15 ppm),PTE,Retail Sales,EMD_EPD2DXL0_PTE_R1Y_DPG,Central Atlantic (PADD 1B) No 2 Diesel Ultra Low Sulfur (0-15 ppm) Retail Prices (Dollars per Gallon),3.782,$/GAL
2025-06-23,R1Y,PADD 1B,EPD2DXL0,No 2 Diesel Low Sulfur (0-15 ppm),PTE,Retail Sales,EMD_EPD2DXL0_PTE_R1Y_DPG,Central Atlantic (PADD 1B) No 2 Diesel Ultra Low Sulfur (0-15 ppm) Retail Prices (Dollars per Gallon),3.919,$/GAL
2025-06-30,R1Y,PADD 1B,EPD2DXL0,No 2 Diesel Low Sulfur (0-15 ppm),PTE,Retail Sales,EMD_EPD2DXL0_PTE_R1Y_DPG,Central Atlantic (PADD 1B) No 2 Diesel Ultra Low Sulfur (0-15 ppm) Retail Prices (Dollars per Gallon),3.942,$/GAL
2025-07-07,R1Y,PADD 1B,EPD2DXL0,No 2 Diesel Low Sulfur (0-15 ppm),PTE,Retail Sales,EMD_EPD2DXL0_PTE_R1Y_DPG,Central Atlantic (PADD 1B) No 2 Diesel Ultra Low Sulfur (0-15 ppm) Retail Prices (Dollars per Gallon),3.936,$/GAL
2025-07-14,R1Y,PADD 1B,EPD2DXL0,No 2 Diesel Low Sulfur (0-15 ppm),PTE,Retail Sales,EMD_EPD2DXL0_PTE_R1Y_DPG,Central Atlantic (PADD 1B) No 2 Diesel Ultra Low Sulfur (0-15 ppm) Retail Prices (Dollars per Gallon),3.953,$/GAL
2025-07-21,R1Y,PADD 1B,EPD2DXL0,No 2 Diesel Low Sulfur (0-15 ppm),PTE,Retail Sales,EMD_EPD2DXL0_PTE_R1Y_DPG,Central Atlantic (PADD 1B) No 2 Diesel Ultra Low Sulfur (0-15 ppm) Retail Prices (Dollars per Gallon),3.975,$/GAL
2025-07-28,R1Y,PADD 1B,EPD2DXL0,No 2 Diesel Low Sulfur (0-15 ppm),PTE,Retail Sales,EMD_EPD2DXL0_PTE_R1Y_DPG,Central Atlantic (PADD 1B) No 2 Diesel Ultra Low Sulfur (0-15 ppm) Retail Prices (Dollars per Gallon),3.945,$/GAL
2025-08-04,R1Y,PADD 1B,EPD2DXL0,No 2 Diesel Low Sulfur (0-15 ppm),PTE,Retail Sales,EMD_EPD2DXL0_PTE_R1Y_DPG,Central Atlantic (PADD 1B) No 2 Diesel Ultra Low Sulfur (0-15 ppm) Retail Prices (Dollars per Gallon),3.958,$/GAL
2025-08-11,R1Y,PADD 1B,EPD2DXL0,No 2 Diesel Low Sulfur (0-15 ppm),PTE,Retail Sales,EMD_EPD2DXL0_PTE_R1Y_DPG,Central Atlantic (PADD 1B) No 2 Diesel Ultra Low Sulfur (0-15 ppm) Retail Prices (Dollars per Gallon),3.942,$/GAL
2025-08-18,R1Y,PADD 1B,EPD2DXL0,No 2 Diesel Low Sulfur (0-15 ppm),PTE,Retail Sales,EMD_EPD2DXL0_PTE_R1Y_DPG,Central Atlantic (PADD 1B) No 2 Diesel Ultra Low Sulfur (0-15 ppm) Retail Prices (Dollars per Gallon),3.908,$/GAL
2025-08-25,R1Y,PADD 1B,EPD2DXL0,No 2 Diesel Low Sulfur (0-15 ppm),PTE,Retail Sales,EMD_EPD2DXL0_PTE_R1Y_DPG,Central Atlantic (PADD 1B) No 2 Diesel Ultra Low Sulfur (0-15 ppm) Retail Prices (Dollars per Gallon),3.916,$/GAL
2025-09-01,R1Y,PADD 1B,EPD2DXL0,No 2 Diesel Low Sulfur (0-15 ppm),PTE,Retail Sales,EMD_EPD2DXL0_PTE_R1Y_DPG,Central Atlantic (PADD 1B) No 2 Diesel Ultra Low Sulfur (0-15 ppm) Retail Prices (Dollars per Gallon),3.912,$/GAL
2025-09-08,R1Y,PADD 1B,EPD2DXL0,No 2 Diesel Low Sulfur (0-15 ppm),PTE,Retail Sales,EMD_EPD2DXL0_PTE_R1Y_DPG,Central Atlantic (PADD 1B) No 2 Diesel Ultra Low Sulfur (0-15 ppm) Retail Prices (Dollars per Gallon),3.937,$/GAL
2025-09-15,R1Y,PADD 1B,EPD2DXL0,No 2 Diesel Low Sulfur (0-15 ppm),PTE,Retail Sales,EMD_EPD2DXL0_PTE_R1Y_DPG,Central Atlantic (PADD 1B) No 2 Diesel Ultra Low Sulfur (0-15 ppm) Retail Prices (Dollars per Gallon),3.92,$/GAL
2025-09-22,R1Y,PADD 1B,EPD2DXL0,No 2 Diesel Low Sulfur (0-15 ppm),PTE,Retail Sales,EMD_EPD2DXL0_PTE_R1Y_DPG,Central Atlantic (PADD 1B) No 2 Diesel Ultra Low Sulfur (0-15 ppm) Retail Prices (Dollars per Gallon),3.908,$/GAL
2025-09-29,R1Y,PADD 1B,EPD2DXL0,No 2 Diesel Low Sulfur (0-15 ppm),PTE,Retail Sales,EMD_EPD2DXL0_PTE_R1Y_DPG,Central Atlantic (PADD 1B) No 2 Diesel Ultra Low Sulfur (0-15 ppm) Retail Prices (Dollars per Gallon),3.902,$/GAL
2025-10-06,R1Y,PADD 1B,EPD2DXL0,No 2 Diesel Low Sulfur (0-15 ppm),PTE,Retail Sales,EMD_EPD2DXL0_PTE_R1Y_DPG,Central Atlantic (PADD 1B) No 2 Diesel Ultra Low Sulfur (0-15 ppm) Retail Prices (Dollars per Gallon),3.886,$/GAL
2025-10-13,R1Y,PADD 1B,EPD2DXL0,No 2 Diesel Low Sulfur (0-15 ppm),PTE,Retail Sales,EMD_EPD2DXL0_PTE_R1Y_DPG,Central Atlantic (PADD 1B) No 2 Diesel Ultra Low Sulfur (0-15 ppm) Retail Prices (Dollars per Gallon),3.877,$/GAL
2025-10-20,R1Y,PADD 1B,EPD2DXL0,No 2 Diesel Low Sulfur (0-15 ppm),PTE,Retail Sales,EMD_EPD2DXL0_PTE_R1Y_DPG,Central Atlantic (PADD 1B) No 2 Diesel Ultra Low Sulfur (0-15 ppm) Retail Prices (Dollars per Gallon),3.878,$/GAL
2025-10-27,R1Y,PADD 1B,EPD2DXL0,No 2 Diesel Low Sulfur (0-15 ppm),PTE,Retail Sales,EMD_EPD2DXL0_PTE_R1Y_DPG,Central Atlantic (PADD 1B) No 2 Diesel Ultra Low Sulfur (0-15 ppm) Retail Prices (Dollars per Gallon),3.881,$/GAL
2025-11-03,R1Y,PADD 1B,EPD2DXL0,No 2 Diesel Low Sulfur (0-15 ppm),PTE,Retail Sales,EMD_EPD2DXL0_PTE_R1Y_DPG,Central Atlantic (PADD 1B) No 2 Diesel Ultra Low Sulfur (0-15 ppm) Retail Prices (Dollars per Gallon),3.908,$/GAL
2025-11-10,R1Y,PADD 1B,EPD2DXL0,No 2 Diesel Low Sulfur (0-15 ppm),PTE,Retail Sales,EMD_EPD2DXL0_PTE_R1Y_DPG,Central Atlantic (PADD 1B) No 2 Diesel Ultra Low Sulfur (0-15 ppm) Retail Prices (Dollars per Gallon),3.956,$/GAL
2025-11-17,R1Y,PADD 1B,EPD2DXL0,No 2 Diesel Low Sulfur (0-15 ppm),PTE,Retail Sales,EMD_EPD2DXL0_PTE_R1Y_DPG,Central Atlantic (PADD 1B) No 2 Diesel Ultra Low Sulfur (0-15 ppm) Retail Prices (Dollars per Gallon),3.999,$/GAL
2025-11-24,R1Y,PADD 1B,EPD2DXL0,No 2 Diesel Low Sulfur (0-15 ppm),PTE,Retail Sales,EMD_EPD2DXL0_PTE_R1Y_DPG,Central Atlantic (PADD 1B) No 2 Diesel Ultra Low Sulfur (0-15 ppm) Retail Prices (Dollars per Gallon),4.01,$/GAL
2025-12-01,R1Y,PADD 1B,EPD2DXL0,No 2 Diesel Low Sulfur (0-15 ppm),PTE,Retail Sales,EMD_EPD2DXL0_PTE_R1Y_DPG,Central Atlantic (PADD 1B) No 2 Diesel Ultra Low Sulfur (0-15 ppm) Retail Prices (Dollars per Gallon),3.982,$/GAL
2025-12-08,R1Y,PADD 1B,EPD2DXL0,No 2 Diesel Low Sulfur (0-15 ppm),PTE,Retail Sales,EMD_EPD2DXL0_PTE_R1Y_DPG,Central Atlantic (PADD 1B) No 2 Diesel Ultra Low Sulfur (0-15 ppm) Retail Prices (Dollars per Gallon),3.948,$/GAL
2025-12-15,R1Y,PADD 1B,EPD2DXL0,No 2 Diesel Low Sulfur (0-15 ppm),PTE,Retail Sales,EMD_EPD2DXL0_PTE_R1Y_DPG,Central Atlantic (PADD 1B) No 2 Diesel Ultra Low Sulfur (0-15 ppm) Retail Prices (Dollars per Gallon),3.944,$/GAL
2025-12-22,R1Y,PADD 1B,EPD2DXL0,No 2 Diesel Low Sulfur (0-15 ppm),PTE,Retail Sales,EMD_EPD2DXL0_PTE_R1Y_DPG,Central Atlantic (PADD 1B) No 2 Diesel Ultra Low Sulfur (0-15 ppm) Retail Prices (Dollars per Gallon),3.892,$/GAL
2025-12-29,R1Y,PADD 1B,EPD2DXL0,No 2 Diesel Low Sulfur (0-15 ppm),PTE,Retail Sales,EMD_EPD2DXL0_PTE_R1Y_DPG,Central Atlantic (PADD 1B) No 2 Diesel Ultra Low Sulfur (0-15 ppm) Retail Prices (Dollars per Gallon),3.875,$/GAL
2026-01-05,R1Y,PADD 1B,EPD2DXL0,No 2 Diesel Low Sulfur (0-15 ppm),PTE,Retail Sales,EMD_EPD2DXL0_PTE_R1Y_DPG,Central Atlantic (PADD 1B) No 2 Diesel Ultra Low Sulfur (0-15 ppm) Retail Prices (Dollars per Gallon),3.872,$/GAL
2026-01-12,R1Y,PADD 1B,EPD2DXL0,No 2 Diesel Low Sulfur (0-15 ppm),PTE,Retail Sales,EMD_EPD2DXL0_PTE_R1Y_DPG,Central Atlantic (PADD 1B) No 2 Diesel Ultra Low Sulfur (0-15 ppm) Retail Prices (Dollars per Gallon),3.858,$/GAL
2026-01-19,R1Y,PADD 1B,EPD2DXL0,No 2 Diesel Low Sulfur (0-15 ppm),PTE,Retail Sales,EMD_EPD2DXL0_PTE_R1Y_DPG,Central Atlantic (PADD 1B) No 2 Diesel Ultra Low Sulfur (0-15 ppm) Retail Prices (Dollars per Gallon),3.843,$/GAL
2026-01-26,R1Y,PADD 1B,EPD2DXL0,No 2 Diesel Low Sulfur (0-15 ppm),PTE,Retail Sales,EMD_EPD2DXL0_PTE_R1Y_DPG,Central Atlantic (PADD 1B) No 2 Diesel Ultra Low Sulfur (0-15 ppm) Retail Prices (Dollars per Gallon),3.876,$/GAL
2026-02-02,R1Y,PADD 1B,EPD2DXL0,No 2 Diesel Low Sulfur (0-15 ppm),PTE,Retail Sales,EMD_EPD2DXL0_PTE_R1Y_DPG,Central Atlantic (PADD 1B) No 2 Diesel Ultra Low Sulfur (0-15 ppm) Retail Prices (Dollars per Gallon),3.988,$/GAL
2026-02-09,R1Y,PADD 1B,EPD2DXL0,No 2 Diesel Low Sulfur (0-15 ppm),PTE,Retail Sales,EMD_EPD2DXL0_PTE_R1Y_DPG,Central Atlantic (PADD 1B) No 2 Diesel Ultra Low Sulfur (0-15 ppm) Retail Prices (Dollars per Gallon),4.021,$/GAL
2026-02-16,R1Y,PADD 1B,EPD2DXL0,No 2 Diesel Low Sulfur (0-15 ppm),PTE,Retail Sales,EMD_EPD2DXL0_PTE_R1Y_DPG,Central Atlantic (PADD 1B) No 2 Diesel Ultra Low Sulfur (0-15 ppm) Retail Prices (Dollars per Gallon),4.03,$/GAL
2026-02-23,R1Y,PADD 1B,EPD2DXL0,No 2 Diesel Low Sulfur (0-15 ppm),PTE,Retail Sales,EMD_EPD2DXL0_PTE_R1Y_DPG,Central Atlantic (PADD 1B) No 2 Diesel Ultra Low Sulfur (0-15 ppm) Retail Prices (Dollars per Gallon),4.104,$/GAL
2026-03-02,R1Y,PADD 1B,EPD2DXL0,No 2 Diesel Low Sulfur (0-15 ppm),PTE,Retail Sales,EMD_EPD2DXL0_PTE_R1Y_DPG,Central Atlantic (PADD 1B) No 2 Diesel Ultra Low Sulfur (0-15 ppm) Retail Prices (Dollars per Gallon),4.122,$/GAL
2026-03-09,R1Y,PADD 1B,EPD2DXL0,No 2 Diesel Low Sulfur (0-15 ppm),PTE,Retail Sales,EMD_EPD2DXL0_PTE_R1Y_DPG,Central Atlantic (PADD 1B) No 2 Diesel Ultra Low Sulfur (0-15 ppm) Retail Prices (Dollars per Gallon),4.94,$/GAL
2026-03-16,R1Y,PADD 1B,EPD2DXL0,No 2 Diesel Low Sulfur (0-15 ppm),PTE,Retail Sales,EMD_EPD2DXL0_PTE_R1Y_DPG,Central Atlantic (PADD 1B) No 2 Diesel Ultra Low Sulfur (0-15 ppm) Retail Prices (Dollars per Gallon),5.196,$/GAL
2024-03-25,R1Z,PADD 1C,EPD2DXL0,No 2 Diesel Low Sulfur (0-15 ppm),PTE,Retail Sales,EMD_EPD2DXL0_PTE_R1Z_DPG,Lower Atlantic (PADD 1C) No 2 Diesel Ultra Low Sulfur (0-15 ppm) Retail Prices (Dollars per Gallon),4.042,$/GAL
2024-04-01,R1Z,PADD 1C,EPD2DXL0,No 2 Diesel Low Sulfur (0-15 ppm),PTE,Retail Sales,EMD_EPD2DXL0_PTE_R1Z_DPG,Lower Atlantic (PADD 1C) No 2 Diesel Ultra Low Sulfur (0-15 ppm) Retail Prices (Dollars per Gallon),3.99,$/GAL
2024-04-08,R1Z,PADD 1C,EPD2DXL0,No 2 Diesel Low Sulfur (0-15 ppm),PTE,Retail Sales,EMD_EPD2DXL0_PTE_R1Z_DPG,Lower Atlantic (PADD 1C) No 2 Diesel Ultra Low Sulfur (0-15 ppm) Retail Prices (Dollars per Gallon),4.042,$/GAL
2024-04-15,R1Z,PADD 1C,EPD2DXL0,No 2 Diesel Low Sulfur (0-15 ppm),PTE,Retail Sales,EMD_EPD2DXL0_PTE_R1Z_DPG,Lower Atlantic (PADD 1C) No 2 Diesel Ultra Low Sulfur (0-15 ppm) Retail Prices (Dollars per Gallon),3.979,$/GAL
2024-04-22,R1Z,PADD 1C,EPD2DXL0,No 2 Diesel Low Sulfur (0-15 ppm),PTE,Retail Sales,EMD_EPD2DXL0_PTE_R1Z_DPG,Lower Atlantic (PADD 1C) No 2 Diesel Ultra Low Sulfur (0-15 ppm) Retail Prices (Dollars per Gallon),3.941,$/GAL
2024-04-29,R1Z,PADD 1C,EPD2DXL0,No 2 Diesel Low Sulfur (0-15 ppm),PTE,Retail Sales,EMD_EPD2DXL0_PTE_R1Z_DPG,Lower Atlantic (PADD 1C) No 2 Diesel Ultra Low Sulfur (0-15 ppm) Retail Prices (Dollars per Gallon),3.919,$/GAL
2024-05-06,R1Z,PADD 1C,EPD2DXL0,No 2 Diesel Low Sulfur (0-15 ppm),PTE,Retail Sales,EMD_EPD2DXL0_PTE_R1Z_DPG,Lower Atlantic (PADD 1C) No 2 Diesel Ultra Low Sulfur (0-15 ppm) Retail Prices (Dollars per Gallon),3.846,$/GAL
2024-05-13,R1Z,PADD 1C,EPD2DXL0,No 2 Diesel Low Sulfur (0-15 ppm),PTE,Retail Sales,EMD_EPD2DXL0_PTE_R1Z_DPG,Lower Atlantic (PADD 1C) No 2 Diesel Ultra Low Sulfur (0-15 ppm) Retail Prices (Dollars per Gallon),3.794,$/GAL
2024-05-20,R1Z,PADD 1C,EPD2DXL0,No 2 Diesel Low Sulfur (0-15 ppm),PTE,Retail Sales,EMD_EPD2DXL0_PTE_R1Z_DPG,Lower Atlantic (PADD 1C) No 2 Diesel Ultra Low Sulfur (0-15 ppm) Retail Prices (Dollars per Gallon),3.785,$/GAL
2024-05-27,R1Z,PADD 1C,EPD2DXL0,No 2 Diesel Low Sulfur (0-15 ppm),PTE,Retail Sales,EMD_EPD2DXL0_PTE_R1Z_DPG,Lower Atlantic (PADD 1C) No 2 Diesel Ultra Low Sulfur (0-15 ppm) Retail Prices (Dollars per Gallon),3.77,$/GAL
2024-06-03,R1Z,PADD 1C,EPD2DXL0,No 2 Diesel Low Sulfur (0-15 ppm),PTE,Retail Sales,EMD_EPD2DXL0_PTE_R1Z_DPG,Lower Atlantic (PADD 1C) No 2 Diesel Ultra Low Sulfur (0-15 ppm) Retail Prices (Dollars per Gallon),3.741,$/GAL
2024-06-10,R1Z,PADD 1C,EPD2DXL0,No 2 Diesel Low Sulfur (0-15 ppm),PTE,Retail Sales,EMD_EPD2DXL0_PTE_R1Z_DPG,Lower Atlantic (PADD 1C) No 2 Diesel Ultra Low Sulfur (0-15 ppm) Retail Prices (Dollars per Gallon),3.67,$/GAL
2024-06-17,R1Z,PADD 1C,EPD2DXL0,No 2 Diesel Low Sulfur (0-15 ppm),PTE,Retail Sales,EMD_EPD2DXL0_PTE_R1Z_DPG,Lower Atlantic (PADD 1C) No 2 Diesel Ultra Low Sulfur (0-15 ppm) Retail Prices (Dollars per Gallon),3.727,$/GAL
2024-06-24,R1Z,PADD 1C,EPD2DXL0,No 2 Diesel Low Sulfur (0-15 ppm),PTE,Retail Sales,EMD_EPD2DXL0_PTE_R1Z_DPG,Lower Atlantic (PADD 1C) No 2 Diesel Ultra Low Sulfur (0-15 ppm) Retail Prices (Dollars per Gallon),3.79,$/GAL
2024-07-01,R1Z,PADD 1C,EPD2DXL0,No 2 Diesel Low Sulfur (0-15 ppm),PTE,Retail Sales,EMD_EPD2DXL0_PTE_R1Z_DPG,Lower Atlantic (PADD 1C) No 2 Diesel Ultra Low Sulfur (0-15 ppm) Retail Prices (Dollars per Gallon),3.812,$/GAL
2024-07-08,R1Z,PADD 1C,EPD2DXL0,No 2 Diesel Low Sulfur (0-15 ppm),PTE,Retail Sales,EMD_EPD2DXL0_PTE_R1Z_DPG,Lower Atlantic (PADD 1C) No 2 Diesel Ultra Low Sulfur (0-15 ppm) Retail Prices (Dollars per Gallon),3.861,$/GAL
2024-07-15,R1Z,PADD 1C,EPD2DXL0,No 2 Diesel Low Sulfur (0-15 ppm),PTE,Retail Sales,EMD_EPD2DXL0_PTE_R1Z_DPG,Lower Atlantic (PADD 1C) No 2 Diesel Ultra Low Sulfur (0-15 ppm) Retail Prices (Dollars per Gallon),3.829,$/GAL
2024-07-22,R1Z,PADD 1C,EPD2DXL0,No 2 Diesel Low Sulfur (0-15 ppm),PTE,Retail Sales,EMD_EPD2DXL0_PTE_R1Z_DPG,Lower Atlantic (PADD 1C) No 2 Diesel Ultra Low Sulfur (0-15 ppm) Retail Prices (Dollars per Gallon),3.778,$/GAL
2024-07-29,R1Z,PADD 1C,EPD2DXL0,No 2 Diesel Low Sulfur (0-15 ppm),PTE,Retail Sales,EMD_EPD2DXL0_PTE_R1Z_DPG,Lower Atlantic (PADD 1C) No 2 Diesel Ultra Low Sulfur (0-15 ppm) Retail Prices (Dollars per Gallon),3.751,$/GAL
2024-08-05,R1Z,PADD 1C,EPD2DXL0,No 2 Diesel Low Sulfur (0-15 ppm),PTE,Retail Sales,EMD_EPD2DXL0_PTE_R1Z_DPG,Lower Atlantic (PADD 1C) No 2 Diesel Ultra Low Sulfur (0-15 ppm) Retail Prices (Dollars per Gallon),3.742,$/GAL
2024-08-12,R1Z,PADD 1C,EPD2DXL0,No 2 Diesel Low Sulfur (0-15 ppm),PTE,Retail Sales,EMD_EPD2DXL0_PTE_R1Z_DPG,Lower Atlantic (PADD 1C) No 2 Diesel Ultra Low Sulfur (0-15 ppm) Retail Prices (Dollars per Gallon),3.681,$/GAL
2024-08-19,R1Z,PADD 1C,EPD2DXL0,No 2 Diesel Low Sulfur (0-15 ppm),PTE,Retail Sales,EMD_EPD2DXL0_PTE_R1Z_DPG,Lower Atlantic (PADD 1C) No 2 Diesel Ultra Low Sulfur (0-15 ppm) Retail Prices (Dollars per Gallon),3.664,$/GAL
2024-08-26,R1Z,PADD 1C,EPD2DXL0,No 2 Diesel Low Sulfur (0-15 ppm),PTE,Retail Sales,EMD_EPD2DXL0_PTE_R1Z_DPG,Lower Atlantic (PADD 1C) No 2 Diesel Ultra Low Sulfur (0-15 ppm) Retail Prices (Dollars per Gallon),3.628,$/GAL
2024-09-02,R1Z,PADD 1C,EPD2DXL0,No 2 Diesel Low Sulfur (0-15 ppm),PTE,Retail Sales,EMD_EPD2DXL0_PTE_R1Z_DPG,Lower Atlantic (PADD 1C) No 2 Diesel Ultra Low Sulfur (0-15 ppm) Retail Prices (Dollars per Gallon),3.58,$/GAL
2024-09-09,R1Z,PADD 1C,EPD2DXL0,No 2 Diesel Low Sulfur (0-15 ppm),PTE,Retail Sales,EMD_EPD2DXL0_PTE_R1Z_DPG,Lower Atlantic (PADD 1C) No 2 Diesel Ultra Low Sulfur (0-15 ppm) Retail Prices (Dollars per Gallon),3.508,$/GAL
2024-09-16,R1Z,PADD 1C,EPD2DXL0,No 2 Diesel Low Sulfur (0-15 ppm),PTE,Retail Sales,EMD_EPD2DXL0_PTE_R1Z_DPG,Lower Atlantic (PADD 1C) No 2 Diesel Ultra Low Sulfur (0-15 ppm) Retail Prices (Dollars per Gallon),3.479,$/GAL
2024-09-23,R1Z,PADD 1C,EPD2DXL0,No 2 Diesel Low Sulfur (0-15 ppm),PTE,Retail Sales,EMD_EPD2DXL0_PTE_R1Z_DPG,Lower Atlantic (PADD 1C) No 2 Diesel Ultra Low Sulfur (0-15 ppm) Retail Prices (Dollars per Gallon),3.467,$/GAL
2024-09-30,R1Z,PADD 1C,EPD2DXL0,No 2 Diesel Low Sulfur (0-15 ppm),PTE,Retail Sales,EMD_EPD2DXL0_PTE_R1Z_DPG,Lower Atlantic (PADD 1C) No 2 Diesel Ultra Low Sulfur (0-15 ppm) Retail Prices (Dollars per Gallon),3.463,$/GAL
2024-10-07,R1Z,PADD 1C,EPD2DXL0,No 2 Diesel Low Sulfur (0-15 ppm),PTE,Retail Sales,EMD_EPD2DXL0_PTE_R1Z_DPG,Lower Atlantic (PADD 1C) No 2 Diesel Ultra Low Sulfur (0-15 ppm) Retail Prices (Dollars per Gallon),3.447,$/GAL
2024-10-14,R1Z,PADD 1C,EPD2DXL0,No 2 Diesel Low Sulfur (0-15 ppm),PTE,Retail Sales,EMD_EPD2DXL0_PTE_R1Z_DPG,Lower Atlantic (PADD 1C) No 2 Diesel Ultra Low Sulfur (0-15 ppm) Retail Prices (Dollars per Gallon),3.464,$/GAL
2024-10-21,R1Z,PADD 1C,EPD2DXL0,No 2 Diesel Low Sulfur (0-15 ppm),PTE,Retail Sales,EMD_EPD2DXL0_PTE_R1Z_DPG,Lower Atlantic (PADD 1C) No 2 Diesel Ultra Low Sulfur (0-15 ppm) Retail Prices (Dollars per Gallon),3.489,$/GAL
2024-10-28,R1Z,PADD 1C,EPD2DXL0,No 2 Diesel Low Sulfur (0-15 ppm),PTE,Retail Sales,EMD_EPD2DXL0_PTE_R1Z_DPG,Lower Atlantic (PADD 1C) No 2 Diesel Ultra Low Sulfur (0-15 ppm) Retail Prices (Dollars per Gallon),3.516,$/GAL
2024-11-04,R1Z,PADD 1C,EPD2DXL0,No 2 Diesel Low Sulfur (0-15 ppm),PTE,Retail Sales,EMD_EPD2DXL0_PTE_R1Z_DPG,Lower Atlantic (PADD 1C) No 2 Diesel Ultra Low Sulfur (0-15 ppm) Retail Prices (Dollars per Gallon),3.5,$/GAL
2024-11-11,R1Z,PADD 1C,EPD2DXL0,No 2 Diesel Low Sulfur (0-15 ppm),PTE,Retail Sales,EMD_EPD2DXL0_PTE_R1Z_DPG,Lower Atlantic (PADD 1C) No 2 Diesel Ultra Low Sulfur (0-15 ppm) Retail Prices (Dollars per Gallon),3.478,$/GAL
2024-11-18,R1Z,PADD 1C,EPD2DXL0,No 2 Diesel Low Sulfur (0-15 ppm),PTE,Retail Sales,EMD_EPD2DXL0_PTE_R1Z_DPG,Lower Atlantic (PADD 1C) No 2 Diesel Ultra Low Sulfur (0-15 ppm) Retail Prices (Dollars per Gallon),3.451,$/GAL
2024-11-25,R1Z,PADD 1C,EPD2DXL0,No 2 Diesel Low Sulfur (0-15 ppm),PTE,Retail Sales,EMD_EPD2DXL0_PTE_R1Z_DPG,Lower Atlantic (PADD 1C) No 2 Diesel Ultra Low Sulfur (0-15 ppm) Retail Prices (Dollars per Gallon),3.503,$/GAL
2024-12-02,R1Z,PADD 1C,EPD2DXL0,No 2 Diesel Low Sulfur (0-15 ppm),PTE,Retail Sales,EMD_EPD2DXL0_PTE_R1Z_DPG,Lower Atlantic (PADD 1C) No 2 Diesel Ultra Low Sulfur (0-15 ppm) Retail Prices (Dollars per Gallon),3.507,$/GAL
2024-12-09,R1Z,PADD 1C,EPD2DXL0,No 2 Diesel Low Sulfur (0-15 ppm),PTE,Retail Sales,EMD_EPD2DXL0_PTE_R1Z_DPG,Lower Atlantic (PADD 1C) No 2 Diesel Ultra Low Sulfur (0-15 ppm) Retail Prices (Dollars per Gallon),3.432,$/GAL
2024-12-16,R1Z,PADD 1C,EPD2DXL0,No 2 Diesel Low Sulfur (0-15 ppm),PTE,Retail Sales,EMD_EPD2DXL0_PTE_R1Z_DPG,Lower Atlantic (PADD 1C) No 2 Diesel Ultra Low Sulfur (0-15 ppm) Retail Prices (Dollars per Gallon),3.487,$/GAL
2024-12-23,R1Z,PADD 1C,EPD2DXL0,No 2 Diesel Low Sulfur (0-15 ppm),PTE,Retail Sales,EMD_EPD2DXL0_PTE_R1Z_DPG,Lower Atlantic (PADD 1C) No 2 Diesel Ultra Low Sulfur (0-15 ppm) Retail Prices (Dollars per Gallon),3.476,$/GAL
2024-12-30,R1Z,PADD 1C,EPD2DXL0,No 2 Diesel Low Sulfur (0-15 ppm),PTE,Retail Sales,EMD_EPD2DXL0_PTE_R1Z_DPG,Lower Atlantic (PADD 1C) No 2 Diesel Ultra Low Sulfur (0-15 ppm) Retail Prices (Dollars per Gallon),3.501,$/GAL
2025-01-06,R1Z,PADD 1C,EPD2DXL0,No 2 Diesel Low Sulfur (0-15 ppm),PTE,Retail Sales,EMD_EPD2DXL0_PTE_R1Z_DPG,Lower Atlantic (PADD 1C) No 2 Diesel Ultra Low Sulfur (0-15 ppm) Retail Prices (Dollars per Gallon),3.559,$/GAL
2025-01-13,R1Z,PADD 1C,EPD2DXL0,No 2 Diesel Low Sulfur (0-15 ppm),PTE,Retail Sales,EMD_EPD2DXL0_PTE_R1Z_DPG,Lower Atlantic (PADD 1C) No 2 Diesel Ultra Low Sulfur (0-15 ppm) Retail Prices (Dollars per Gallon),3.649,$/GAL
2025-01-20,R1Z,PADD 1C,EPD2DXL0,No 2 Diesel Low Sulfur (0-15 ppm),PTE,Retail Sales,EMD_EPD2DXL0_PTE_R1Z_DPG,Lower Atlantic (PADD 1C) No 2 Diesel Ultra Low Sulfur (0-15 ppm) Retail Prices (Dollars per Gallon),3.75,$/GAL
2025-01-27,R1Z,PADD 1C,EPD2DXL0,No 2 Diesel Low Sulfur (0-15 ppm),PTE,Retail Sales,EMD_EPD2DXL0_PTE_R1Z_DPG,Lower Atlantic (PADD 1C) No 2 Diesel Ultra Low Sulfur (0-15 ppm) Retail Prices (Dollars per Gallon),3.718,$/GAL
2025-02-03,R1Z,PADD 1C,EPD2DXL0,No 2 Diesel Low Sulfur (0-15 ppm),PTE,Retail Sales,EMD_EPD2DXL0_PTE_R1Z_DPG,Lower Atlantic (PADD 1C) No 2 Diesel Ultra Low Sulfur (0-15 ppm) Retail Prices (Dollars per Gallon),3.682,$/GAL
2025-02-10,R1Z,PADD 1C,EPD2DXL0,No 2 Diesel Low Sulfur (0-15 ppm),PTE,Retail Sales,EMD_EPD2DXL0_PTE_R1Z_DPG,Lower Atlantic (PADD 1C) No 2 Diesel Ultra Low Sulfur (0-15 ppm) Retail Prices (Dollars per Gallon),3.661,$/GAL
2025-02-17,R1Z,PADD 1C,EPD2DXL0,No 2 Diesel Low Sulfur (0-15 ppm),PTE,Retail Sales,EMD_EPD2DXL0_PTE_R1Z_DPG,Lower Atlantic (PADD 1C) No 2 Diesel Ultra Low Sulfur (0-15 ppm) Retail Prices (Dollars per Gallon),3.696,$/GAL
2025-02-24,R1Z,PADD 1C,EPD2DXL0,No 2 Diesel Low Sulfur (0-15 ppm),PTE,Retail Sales,EMD_EPD2DXL0_PTE_R1Z_DPG,Lower Atlantic (PADD 1C) No 2 Diesel Ultra Low Sulfur (0-15 ppm) Retail Prices (Dollars per Gallon),3.708,$/GAL
2025-03-03,R1Z,PADD 1C,EPD2DXL0,No 2 Diesel Low Sulfur (0-15 ppm),PTE,Retail Sales,EMD_EPD2DXL0_PTE_R1Z_DPG,Lower Atlantic (PADD 1C) No 2 Diesel Ultra Low Sulfur (0-15 ppm) Retail Prices (Dollars per Gallon),3.643,$/GAL
2025-03-10,R1Z,PADD 1C,EPD2DXL0,No 2 Diesel Low Sulfur (0-15 ppm),PTE,Retail Sales,EMD_EPD2DXL0_PTE_R1Z_DPG,Lower Atlantic (PADD 1C) No 2 Diesel Ultra Low Sulfur (0-15 ppm) Retail Prices (Dollars per Gallon),3.587,$/GAL
2025-03-17,R1Z,PADD 1C,EPD2DXL0,No 2 Diesel Low Sulfur (0-15 ppm),PTE,Retail Sales,EMD_EPD2DXL0_PTE_R1Z_DPG,Lower Atlantic (PADD 1C) No 2 Diesel Ultra Low Sulfur (0-15 ppm) Retail Prices (Dollars per Gallon),3.577,$/GAL
2025-03-24,R1Z,PADD 1C,EPD2DXL0,No 2 Diesel Low Sulfur (0-15 ppm),PTE,Retail Sales,EMD_EPD2DXL0_PTE_R1Z_DPG,Lower Atlantic (PADD 1C) No 2 Diesel Ultra Low Sulfur (0-15 ppm) Retail Prices (Dollars per Gallon),3.569,$/GAL
2025-03-31,R1Z,PADD 1C,EPD2DXL0,No 2 Diesel Low Sulfur (0-15 ppm),PTE,Retail Sales,EMD_EPD2DXL0_PTE_R1Z_DPG,Lower Atlantic (PADD 1C) No 2 Diesel Ultra Low Sulfur (0-15 ppm) Retail Prices (Dollars per Gallon),3.601,$/GAL
2025-04-07,R1Z,PADD 1C,EPD2DXL0,No 2 Diesel Low Sulfur (0-15 ppm),PTE,Retail Sales,EMD_EPD2DXL0_PTE_R1Z_DPG,Lower Atlantic (PADD 1C) No 2 Diesel Ultra Low Sulfur (0-15 ppm) Retail Prices (Dollars per Gallon),3.62,$/GAL
2025-04-14,R1Z,PADD 1C,EPD2DXL0,No 2 Diesel Low Sulfur (0-15 ppm),PTE,Retail Sales,EMD_EPD2DXL0_PTE_R1Z_DPG,Lower Atlantic (PADD 1C) No 2 Diesel Ultra Low Sulfur (0-15 ppm) Retail Prices (Dollars per Gallon),3.556,$/GAL
2025-04-21,R1Z,PADD 1C,EPD2DXL0,No 2 Diesel Low Sulfur (0-15 ppm),PTE,Retail Sales,EMD_EPD2DXL0_PTE_R1Z_DPG,Lower Atlantic (PADD 1C) No 2 Diesel Ultra Low Sulfur (0-15 ppm) Retail Prices (Dollars per Gallon),3.505,$/GAL
2025-04-28,R1Z,PADD 1C,EPD2DXL0,No 2 Diesel Low Sulfur (0-15 ppm),PTE,Retail Sales,EMD_EPD2DXL0_PTE_R1Z_DPG,Lower Atlantic (PADD 1C) No 2 Diesel Ultra Low Sulfur (0-15 ppm) Retail Prices (Dollars per Gallon),3.47,$/GAL
2025-05-05,R1Z,PADD 1C,EPD2DXL0,No 2 Diesel Low Sulfur (0-15 ppm),PTE,Retail Sales,EMD_EPD2DXL0_PTE_R1Z_DPG,Lower Atlantic (PADD 1C) No 2 Diesel Ultra Low Sulfur (0-15 ppm) Retail Prices (Dollars per Gallon),3.448,$/GAL
2025-05-12,R1Z,PADD 1C,EPD2DXL0,No 2 Diesel Low Sulfur (0-15 ppm),PTE,Retail Sales,EMD_EPD2DXL0_PTE_R1Z_DPG,Lower Atlantic (PADD 1C) No 2 Diesel Ultra Low Sulfur (0-15 ppm) Retail Prices (Dollars per Gallon),3.408,$/GAL
2025-05-19,R1Z,PADD 1C,EPD2DXL0,No 2 Diesel Low Sulfur (0-15 ppm),PTE,Retail Sales,EMD_EPD2DXL0_PTE_R1Z_DPG,Lower Atlantic (PADD 1C) No 2 Diesel Ultra Low Sulfur (0-15 ppm) Retail Prices (Dollars per Gallon),3.469,$/GAL
2025-05-26,R1Z,PADD 1C,EPD2DXL0,No 2 Diesel Low Sulfur (0-15 ppm),PTE,Retail Sales,EMD_EPD2DXL0_PTE_R1Z_DPG,Lower Atlantic (PADD 1C) No 2 Diesel Ultra Low Sulfur (0-15 ppm) Retail Prices (Dollars per Gallon),3.428,$/GAL
2025-06-02,R1Z,PADD 1C,EPD2DXL0,No 2 Diesel Low Sulfur (0-15 ppm),PTE,Retail Sales,EMD_EPD2DXL0_PTE_R1Z_DPG,Lower Atlantic (PADD 1C) No 2 Diesel Ultra Low Sulfur (0-15 ppm) Retail Prices (Dollars per Gallon),3.384,$/GAL
2025-06-09,R1Z,PADD 1C,EPD2DXL0,No 2 Diesel Low Sulfur (0-15 ppm),PTE,Retail Sales,EMD_EPD2DXL0_PTE_R1Z_DPG,Lower Atlantic (PADD 1C) No 2 Diesel Ultra Low Sulfur (0-15 ppm) Retail Prices (Dollars per Gallon),3.399,$/GAL
2025-06-16,R1Z,PADD 1C,EPD2DXL0,No 2 Diesel Low Sulfur (0-15 ppm),PTE,Retail Sales,EMD_EPD2DXL0_PTE_R1Z_DPG,Lower Atlantic (PADD 1C) No 2 Diesel Ultra Low Sulfur (0-15 ppm) Retail Prices (Dollars per Gallon),3.532,$/GAL
2025-06-23,R1Z,PADD 1C,EPD2DXL0,No 2 Diesel Low Sulfur (0-15 ppm),PTE,Retail Sales,EMD_EPD2DXL0_PTE_R1Z_DPG,Lower Atlantic (PADD 1C) No 2 Diesel Ultra Low Sulfur (0-15 ppm) Retail Prices (Dollars per Gallon),3.725,$/GAL
2025-06-30,R1Z,PADD 1C,EPD2DXL0,No 2 Diesel Low Sulfur (0-15 ppm),PTE,Retail Sales,EMD_EPD2DXL0_PTE_R1Z_DPG,Lower Atlantic (PADD 1C) No 2 Diesel Ultra Low Sulfur (0-15 ppm) Retail Prices (Dollars per Gallon),3.691,$/GAL
2025-07-07,R1Z,PADD 1C,EPD2DXL0,No 2 Diesel Low Sulfur (0-15 ppm),PTE,Retail Sales,EMD_EPD2DXL0_PTE_R1Z_DPG,Lower Atlantic (PADD 1C) No 2 Diesel Ultra Low Sulfur (0-15 ppm) Retail Prices (Dollars per Gallon),3.68,$/GAL
2025-07-14,R1Z,PADD 1C,EPD2DXL0,No 2 Diesel Low Sulfur (0-15 ppm),PTE,Retail Sales,EMD_EPD2DXL0_PTE_R1Z_DPG,Lower Atlantic (PADD 1C) No 2 Diesel Ultra Low Sulfur (0-15 ppm) Retail Prices (Dollars per Gallon),3.716,$/GAL
2025-07-21,R1Z,PADD 1C,EPD2DXL0,No 2 Diesel Low Sulfur (0-15 ppm),PTE,Retail Sales,EMD_EPD2DXL0_PTE_R1Z_DPG,Lower Atlantic (PADD 1C) No 2 Diesel Ultra Low Sulfur (0-15 ppm) Retail Prices (Dollars per Gallon),3.747,$/GAL
2025-07-28,R1Z,PADD 1C,EPD2DXL0,No 2 Diesel Low Sulfur (0-15 ppm),PTE,Retail Sales,EMD_EPD2DXL0_PTE_R1Z_DPG,Lower Atlantic (PADD 1C) No 2 Diesel Ultra Low Sulfur (0-15 ppm) Retail Prices (Dollars per Gallon),3.746,$/GAL
2025-08-04,R1Z,PADD 1C,EPD2DXL0,No 2 Diesel Low Sulfur (0-15 ppm),PTE,Retail Sales,EMD_EPD2DXL0_PTE_R1Z_DPG,Lower Atlantic (PADD 1C) No 2 Diesel Ultra Low Sulfur (0-15 ppm) Retail Prices (Dollars per Gallon),3.733,$/GAL
2025-08-11,R1Z,PADD 1C,EPD2DXL0,No 2 Diesel Low Sulfur (0-15 ppm),PTE,Retail Sales,EMD_EPD2DXL0_PTE_R1Z_DPG,Lower Atlantic (PADD 1C) No 2 Diesel Ultra Low Sulfur (0-15 ppm) Retail Prices (Dollars per Gallon),3.666,$/GAL
2025-08-18,R1Z,PADD 1C,EPD2DXL0,No 2 Diesel Low Sulfur (0-15 ppm),PTE,Retail Sales,EMD_EPD2DXL0_PTE_R1Z_DPG,Lower Atlantic (PADD 1C) No 2 Diesel Ultra Low Sulfur (0-15 ppm) Retail Prices (Dollars per Gallon),3.643,$/GAL
2025-08-25,R1Z,PADD 1C,EPD2DXL0,No 2 Diesel Low Sulfur (0-15 ppm),PTE,Retail Sales,EMD_EPD2DXL0_PTE_R1Z_DPG,Lower Atlantic (PADD 1C) No 2 Diesel Ultra Low Sulfur (0-15 ppm) Retail Prices (Dollars per Gallon),3.631,$/GAL
2025-09-01,R1Z,PADD 1C,EPD2DXL0,No 2 Diesel Low Sulfur (0-15 ppm),PTE,Retail Sales,EMD_EPD2DXL0_PTE_R1Z_DPG,Lower Atlantic (PADD 1C) No 2 Diesel Ultra Low Sulfur (0-15 ppm) Retail Prices (Dollars per Gallon),3.669,$/GAL
2025-09-08,R1Z,PADD 1C,EPD2DXL0,No 2 Diesel Low Sulfur (0-15 ppm),PTE,Retail Sales,EMD_EPD2DXL0_PTE_R1Z_DPG,Lower Atlantic (PADD 1C) No 2 Diesel Ultra Low Sulfur (0-15 ppm) Retail Prices (Dollars per Gallon),3.693,$/GAL
2025-09-15,R1Z,PADD 1C,EPD2DXL0,No 2 Diesel Low Sulfur (0-15 ppm),PTE,Retail Sales,EMD_EPD2DXL0_PTE_R1Z_DPG,Lower Atlantic (PADD 1C) No 2 Diesel Ultra Low Sulfur (0-15 ppm) Retail Prices (Dollars per Gallon),3.663,$/GAL
2025-09-22,R1Z,PADD 1C,EPD2DXL0,No 2 Diesel Low Sulfur (0-15 ppm),PTE,Retail Sales,EMD_EPD2DXL0_PTE_R1Z_DPG,Lower Atlantic (PADD 1C) No 2 Diesel Ultra Low Sulfur (0-15 ppm) Retail Prices (Dollars per Gallon),3.664,$/GAL
2025-09-29,R1Z,PADD 1C,EPD2DXL0,No 2 Diesel Low Sulfur (0-15 ppm),PTE,Retail Sales,EMD_EPD2DXL0_PTE_R1Z_DPG,Lower Atlantic (PADD 1C) No 2 Diesel Ultra Low Sulfur (0-15 ppm) Retail Prices (Dollars per Gallon),3.673,$/GAL
2025-10-06,R1Z,PADD 1C,EPD2DXL0,No 2 Diesel Low Sulfur (0-15 ppm),PTE,Retail Sales,EMD_EPD2DXL0_PTE_R1Z_DPG,Lower Atlantic (PADD 1C) No 2 Diesel Ultra Low Sulfur (0-15 ppm) Retail Prices (Dollars per Gallon),3.656,$/GAL
2025-10-13,R1Z,PADD 1C,EPD2DXL0,No 2 Diesel Low Sulfur (0-15 ppm),PTE,Retail Sales,EMD_EPD2DXL0_PTE_R1Z_DPG,Lower Atlantic (PADD 1C) No 2 Diesel Ultra Low Sulfur (0-15 ppm) Retail Prices (Dollars per Gallon),3.639,$/GAL
2025-10-20,R1Z,PADD 1C,EPD2DXL0,No 2 Diesel Low Sulfur (0-15 ppm),PTE,Retail Sales,EMD_EPD2DXL0_PTE_R1Z_DPG,Lower Atlantic (PADD 1C) No 2 Diesel Ultra Low Sulfur (0-15 ppm) Retail Prices (Dollars per Gallon),3.578,$/GAL
2025-10-27,R1Z,PADD 1C,EPD2DXL0,No 2 Diesel Low Sulfur (0-15 ppm),PTE,Retail Sales,EMD_EPD2DXL0_PTE_R1Z_DPG,Lower Atlantic (PADD 1C) No 2 Diesel Ultra Low Sulfur (0-15 ppm) Retail Prices (Dollars per Gallon),3.642,$/GAL
2025-11-03,R1Z,PADD 1C,EPD2DXL0,No 2 Diesel Low Sulfur (0-15 ppm),PTE,Retail Sales,EMD_EPD2DXL0_PTE_R1Z_DPG,Lower Atlantic (PADD 1C) No 2 Diesel Ultra Low Sulfur (0-15 ppm) Retail Prices (Dollars per Gallon),3.678,$/GAL
2025-11-10,R1Z,PADD 1C,EPD2DXL0,No 2 Diesel Low Sulfur (0-15 ppm),PTE,Retail Sales,EMD_EPD2DXL0_PTE_R1Z_DPG,Lower Atlantic (PADD 1C) No 2 Diesel Ultra Low Sulfur (0-15 ppm) Retail Prices (Dollars per Gallon),3.761,$/GAL
2025-11-17,R1Z,PADD 1C,EPD2DXL0,No 2 Diesel Low Sulfur (0-15 ppm),PTE,Retail Sales,EMD_EPD2DXL0_PTE_R1Z_DPG,Lower Atlantic (PADD 1C) No 2 Diesel Ultra Low Sulfur (0-15 ppm) Retail Prices (Dollars per Gallon),3.787,$/GAL
2025-11-24,R1Z,PADD 1C,EPD2DXL0,No 2 Diesel Low Sulfur (0-15 ppm),PTE,Retail Sales,EMD_EPD2DXL0_PTE_R1Z_DPG,Lower Atlantic (PADD 1C) No 2 Diesel Ultra Low Sulfur (0-15 ppm) Retail Prices (Dollars per Gallon),3.789,$/GAL
2025-12-01,R1Z,PADD 1C,EPD2DXL0,No 2 Diesel Low Sulfur (0-15 ppm),PTE,Retail Sales,EMD_EPD2DXL0_PTE_R1Z_DPG,Lower Atlantic (PADD 1C) No 2 Diesel Ultra Low Sulfur (0-15 ppm) Retail Prices (Dollars per Gallon),3.687,$/GAL
2025-12-08,R1Z,PADD 1C,EPD2DXL0,No 2 Diesel Low Sulfur (0-15 ppm),PTE,Retail Sales,EMD_EPD2DXL0_PTE_R1Z_DPG,Lower Atlantic (PADD 1C) No 2 Diesel Ultra Low Sulfur (0-15 ppm) Retail Prices (Dollars per Gallon),3.617,$/GAL
2025-12-15,R1Z,PADD 1C,EPD2DXL0,No 2 Diesel Low Sulfur (0-15 ppm),PTE,Retail Sales,EMD_EPD2DXL0_PTE_R1Z_DPG,Lower Atlantic (PADD 1C) No 2 Diesel Ultra Low Sulfur (0-15 ppm) Retail Prices (Dollars per Gallon),3.58,$/GAL
2025-12-22,R1Z,PADD 1C,EPD2DXL0,No 2 Diesel Low Sulfur (0-15 ppm),PTE,Retail Sales,EMD_EPD2DXL0_PTE_R1Z_DPG,Lower Atlantic (PADD 1C) No 2 Diesel Ultra Low Sulfur (0-15 ppm) Retail Prices (Dollars per Gallon),3.557,$/GAL
2025-12-29,R1Z,PADD 1C,EPD2DXL0,No 2 Diesel Low Sulfur (0-15 ppm),PTE,Retail Sales,EMD_EPD2DXL0_PTE_R1Z_DPG,Lower Atlantic (PADD 1C) No 2 Diesel Ultra Low Sulfur (0-15 ppm) Retail Prices (Dollars per Gallon),3.522,$/GAL
2026-01-05,R1Z,PADD 1C,EPD2DXL0,No 2 Diesel Low Sulfur (0-15 ppm),PTE,Retail Sales,EMD_EPD2DXL0_PTE_R1Z_DPG,Lower Atlantic (PADD 1C) No 2 Diesel Ultra Low Sulfur (0-15 ppm) Retail Prices (Dollars per Gallon),3.502,$/GAL
2026-01-12,R1Z,PADD 1C,EPD2DXL0,No 2 Diesel Low Sulfur (0-15 ppm),PTE,Retail Sales,EMD_EPD2DXL0_PTE_R1Z_DPG,Lower Atlantic (PADD 1C) No 2 Diesel Ultra Low Sulfur (0-15 ppm) Retail Prices (Dollars per Gallon),3.484,$/GAL
2026-01-19,R1Z,PADD 1C,EPD2DXL0,No 2 Diesel Low Sulfur (0-15 ppm),PTE,Retail Sales,EMD_EPD2DXL0_PTE_R1Z_DPG,Lower Atlantic (PADD 1C) No 2 Diesel Ultra Low Sulfur (0-15 ppm) Retail Prices (Dollars per Gallon),3.548,$/GAL
2026-01-26,R1Z,PADD 1C,EPD2DXL0,No 2 Diesel Low Sulfur (0-15 ppm),PTE,Retail Sales,EMD_EPD2DXL0_PTE_R1Z_DPG,Lower Atlantic (PADD 1C) No 2 Diesel Ultra Low Sulfur (0-15 ppm) Retail Prices (Dollars per Gallon),3.591,$/GAL
2026-02-02,R1Z,PADD 1C,EPD2DXL0,No 2 Diesel Low Sulfur (0-15 ppm),PTE,Retail Sales,EMD_EPD2DXL0_PTE_R1Z_DPG,Lower Atlantic (PADD 1C) No 2 Diesel Ultra Low Sulfur (0-15 ppm) Retail Prices (Dollars per Gallon),3.628,$/GAL
2026-02-09,R1Z,PADD 1C,EPD2DXL0,No 2 Diesel Low Sulfur (0-15 ppm),PTE,Retail Sales,EMD_EPD2DXL0_PTE_R1Z_DPG,Lower Atlantic (PADD 1C) No 2 Diesel Ultra Low Sulfur (0-15 ppm) Retail Prices (Dollars per Gallon),3.605,$/GAL
2026-02-16,R1Z,PADD 1C,EPD2DXL0,No 2 Diesel Low Sulfur (0-15 ppm),PTE,Retail Sales,EMD_EPD2DXL0_PTE_R1Z_DPG,Lower Atlantic (PADD 1C) No 2 Diesel Ultra Low Sulfur (0-15 ppm) Retail Prices (Dollars per Gallon),3.612,$/GAL
2026-02-23,R1Z,PADD 1C,EPD2DXL0,No 2 Diesel Low Sulfur (0-15 ppm),PTE,Retail Sales,EMD_EPD2DXL0_PTE_R1Z_DPG,Lower Atlantic (PADD 1C) No 2 Diesel Ultra Low Sulfur (0-15 ppm) Retail Prices (Dollars per Gallon),3.708,$/GAL
2026-03-02,R1Z,PADD 1C,EPD2DXL0,No 2 Diesel Low Sulfur (0-15 ppm),PTE,Retail Sales,EMD_EPD2DXL0_PTE_R1Z_DPG,Lower Atlantic (PADD 1C) No 2 Diesel Ultra Low Sulfur (0-15 ppm) Retail Prices (Dollars per Gallon),3.808,$/GAL
2026-03-09,R1Z,PADD 1C,EPD2DXL0,No 2 Diesel Low Sulfur (0-15 ppm),PTE,Retail Sales,EMD_EPD2DXL0_PTE_R1Z_DPG,Lower Atlantic (PADD 1C) No 2 Diesel Ultra Low Sulfur (0-15 ppm) Retail Prices (Dollars per Gallon),4.88,$/GAL
2026-03-16,R1Z,PADD 1C,EPD2DXL0,No 2 Diesel Low Sulfur (0-15 ppm),PTE,Retail Sales,EMD_EPD2DXL0_PTE_R1Z_DPG,Lower Atlantic (PADD 1C) No 2 Diesel Ultra Low Sulfur (0-15 ppm) Retail Prices (Dollars per Gallon),5.057,$/GAL
2024-03-25,R20,PADD 2,EPD2DXL0,No 2 Diesel Low Sulfur (0-15 ppm),PTE,Retail Sales,EMD_EPD2DXL0_PTE_R20_DPG,Midwest No 2 Diesel Ultra Low Sulfur (0-15 ppm) Retail Prices (Dollars per Gallon),3.986,$/GAL
2024-04-01,R20,PADD 2,EPD2DXL0,No 2 Diesel Low Sulfur (0-15 ppm),PTE,Retail Sales,EMD_EPD2DXL0_PTE_R20_DPG,Midwest No 2 Diesel Ultra Low Sulfur (0-15 ppm) Retail Prices (Dollars per Gallon),3.949,$/GAL
2024-04-08,R20,PADD 2,EPD2DXL0,No 2 Diesel Low Sulfur (0-15 ppm),PTE,Retail Sales,EMD_EPD2DXL0_PTE_R20_DPG,Midwest No 2 Diesel Ultra Low Sulfur (0-15 ppm) Retail Prices (Dollars per Gallon),4.011,$/GAL
2024-04-15,R20,PADD 2,EPD2DXL0,No 2 Diesel Low Sulfur (0-15 ppm),PTE,Retail Sales,EMD_EPD2DXL0_PTE_R20_DPG,Midwest No 2 Diesel Ultra Low Sulfur (0-15 ppm) Retail Prices (Dollars per Gallon),3.965,$/GAL
2024-04-22,R20,PADD 2,EPD2DXL0,No 2 Diesel Low Sulfur (0-15 ppm),PTE,Retail Sales,EMD_EPD2DXL0_PTE_R20_DPG,Midwest No 2 Diesel Ultra Low Sulfur (0-15 ppm) Retail Prices (Dollars per Gallon),3.935,$/GAL
2024-04-29,R20,PADD 2,EPD2DXL0,No 2 Diesel Low Sulfur (0-15 ppm),PTE,Retail Sales,EMD_EPD2DXL0_PTE_R20_DPG,Midwest No 2 Diesel Ultra Low Sulfur (0-15 ppm) Retail Prices (Dollars per Gallon),3.882,$/GAL
2024-05-06,R20,PADD 2,EPD2DXL0,No 2 Diesel Low Sulfur (0-15 ppm),PTE,Retail Sales,EMD_EPD2DXL0_PTE_R20_DPG,Midwest No 2 Diesel Ultra Low Sulfur (0-15 ppm) Retail Prices (Dollars per Gallon),3.814,$/GAL
2024-05-13,R20,PADD 2,EPD2DXL0,No 2 Diesel Low Sulfur (0-15 ppm),PTE,Retail Sales,EMD_EPD2DXL0_PTE_R20_DPG,Midwest No 2 Diesel Ultra Low Sulfur (0-15 ppm) Retail Prices (Dollars per Gallon),3.768,$/GAL
2024-05-20,R20,PADD 2,EPD2DXL0,No 2 Diesel Low Sulfur (0-15 ppm),PTE,Retail Sales,EMD_EPD2DXL0_PTE_R20_DPG,Midwest No 2 Diesel Ultra Low Sulfur (0-15 ppm) Retail Prices (Dollars per Gallon),3.685,$/GAL
2024-05-27,R20,PADD 2,EPD2DXL0,No 2 Diesel Low Sulfur (0-15 ppm),PTE,Retail Sales,EMD_EPD2DXL0_PTE_R20_DPG,Midwest No 2 Diesel Ultra Low Sulfur (0-15 ppm) Retail Prices (Dollars per Gallon),3.633,$/GAL
2024-06-03,R20,PADD 2,EPD2DXL0,No 2 Diesel Low Sulfur (0-15 ppm),PTE,Retail Sales,EMD_EPD2DXL0_PTE_R20_DPG,Midwest No 2 Diesel Ultra Low Sulfur (0-15 ppm) Retail Prices (Dollars per Gallon),3.592,$/GAL
2024-06-10,R20,PADD 2,EPD2DXL0,No 2 Diesel Low Sulfur (0-15 ppm),PTE,Retail Sales,EMD_EPD2DXL0_PTE_R20_DPG,Midwest No 2 Diesel Ultra Low Sulfur (0-15 ppm) Retail Prices (Dollars per Gallon),3.512,$/GAL
2024-06-17,R20,PADD 2,EPD2DXL0,No 2 Diesel Low Sulfur (0-15 ppm),PTE,Retail Sales,EMD_EPD2DXL0_PTE_R20_DPG,Midwest No 2 Diesel Ultra Low Sulfur (0-15 ppm) Retail Prices (Dollars per Gallon),3.621,$/GAL
2024-06-24,R20,PADD 2,EPD2DXL0,No 2 Diesel Low Sulfur (0-15 ppm),PTE,Retail Sales,EMD_EPD2DXL0_PTE_R20_DPG,Midwest No 2 Diesel Ultra Low Sulfur (0-15 ppm) Retail Prices (Dollars per Gallon),3.662,$/GAL
2024-07-01,R20,PADD 2,EPD2DXL0,No 2 Diesel Low Sulfur (0-15 ppm),PTE,Retail Sales,EMD_EPD2DXL0_PTE_R20_DPG,Midwest No 2 Diesel Ultra Low Sulfur (0-15 ppm) Retail Prices (Dollars per Gallon),3.729,$/GAL
2024-07-08,R20,PADD 2,EPD2DXL0,No 2 Diesel Low Sulfur (0-15 ppm),PTE,Retail Sales,EMD_EPD2DXL0_PTE_R20_DPG,Midwest No 2 Diesel Ultra Low Sulfur (0-15 ppm) Retail Prices (Dollars per Gallon),3.803,$/GAL
2024-07-15,R20,PADD 2,EPD2DXL0,No 2 Diesel Low Sulfur (0-15 ppm),PTE,Retail Sales,EMD_EPD2DXL0_PTE_R20_DPG,Midwest No 2 Diesel Ultra Low Sulfur (0-15 ppm) Retail Prices (Dollars per Gallon),3.745,$/GAL
2024-07-22,R20,PADD 2,EPD2DXL0,No 2 Diesel Low Sulfur (0-15 ppm),PTE,Retail Sales,EMD_EPD2DXL0_PTE_R20_DPG,Midwest No 2 Diesel Ultra Low Sulfur (0-15 ppm) Retail Prices (Dollars per Gallon),3.732,$/GAL
2024-07-29,R20,PADD 2,EPD2DXL0,No 2 Diesel Low Sulfur (0-15 ppm),PTE,Retail Sales,EMD_EPD2DXL0_PTE_R20_DPG,Midwest No 2 Diesel Ultra Low Sulfur (0-15 ppm) Retail Prices (Dollars per Gallon),3.727,$/GAL
2024-08-05,R20,PADD 2,EPD2DXL0,No 2 Diesel Low Sulfur (0-15 ppm),PTE,Retail Sales,EMD_EPD2DXL0_PTE_R20_DPG,Midwest No 2 Diesel Ultra Low Sulfur (0-15 ppm) Retail Prices (Dollars per Gallon),3.729,$/GAL
2024-08-12,R20,PADD 2,EPD2DXL0,No 2 Diesel Low Sulfur (0-15 ppm),PTE,Retail Sales,EMD_EPD2DXL0_PTE_R20_DPG,Midwest No 2 Diesel Ultra Low Sulfur (0-15 ppm) Retail Prices (Dollars per Gallon),3.681,$/GAL
2024-08-19,R20,PADD 2,EPD2DXL0,No 2 Diesel Low Sulfur (0-15 ppm),PTE,Retail Sales,EMD_EPD2DXL0_PTE_R20_DPG,Midwest No 2 Diesel Ultra Low Sulfur (0-15 ppm) Retail Prices (Dollars per Gallon),3.674,$/GAL
2024-08-26,R20,PADD 2,EPD2DXL0,No 2 Diesel Low Sulfur (0-15 ppm),PTE,Retail Sales,EMD_EPD2DXL0_PTE_R20_DPG,Midwest No 2 Diesel Ultra Low Sulfur (0-15 ppm) Retail Prices (Dollars per Gallon),3.627,$/GAL
2024-09-02,R20,PADD 2,EPD2DXL0,No 2 Diesel Low Sulfur (0-15 ppm),PTE,Retail Sales,EMD_EPD2DXL0_PTE_R20_DPG,Midwest No 2 Diesel Ultra Low Sulfur (0-15 ppm) Retail Prices (Dollars per Gallon),3.613,$/GAL
2024-09-09,R20,PADD 2,EPD2DXL0,No 2 Diesel Low Sulfur (0-15 ppm),PTE,Retail Sales,EMD_EPD2DXL0_PTE_R20_DPG,Midwest No 2 Diesel Ultra Low Sulfur (0-15 ppm) Retail Prices (Dollars per Gallon),3.528,$/GAL
2024-09-16,R20,PADD 2,EPD2DXL0,No 2 Diesel Low Sulfur (0-15 ppm),PTE,Retail Sales,EMD_EPD2DXL0_PTE_R20_DPG,Midwest No 2 Diesel Ultra Low Sulfur (0-15 ppm) Retail Prices (Dollars per Gallon),3.481,$/GAL
2024-09-23,R20,PADD 2,EPD2DXL0,No 2 Diesel Low Sulfur (0-15 ppm),PTE,Retail Sales,EMD_EPD2DXL0_PTE_R20_DPG,Midwest No 2 Diesel Ultra Low Sulfur (0-15 ppm) Retail Prices (Dollars per Gallon),3.511,$/GAL
2024-09-30,R20,PADD 2,EPD2DXL0,No 2 Diesel Low Sulfur (0-15 ppm),PTE,Retail Sales,EMD_EPD2DXL0_PTE_R20_DPG,Midwest No 2 Diesel Ultra Low Sulfur (0-15 ppm) Retail Prices (Dollars per Gallon),3.52,$/GAL
2024-10-07,R20,PADD 2,EPD2DXL0,No 2 Diesel Low Sulfur (0-15 ppm),PTE,Retail Sales,EMD_EPD2DXL0_PTE_R20_DPG,Midwest No 2 Diesel Ultra Low Sulfur (0-15 ppm) Retail Prices (Dollars per Gallon),3.587,$/GAL
2024-10-14,R20,PADD 2,EPD2DXL0,No 2 Diesel Low Sulfur (0-15 ppm),PTE,Retail Sales,EMD_EPD2DXL0_PTE_R20_DPG,Midwest No 2 Diesel Ultra Low Sulfur (0-15 ppm) Retail Prices (Dollars per Gallon),3.651,$/GAL
2024-10-21,R20,PADD 2,EPD2DXL0,No 2 Diesel Low Sulfur (0-15 ppm),PTE,Retail Sales,EMD_EPD2DXL0_PTE_R20_DPG,Midwest No 2 Diesel Ultra Low Sulfur (0-15 ppm) Retail Prices (Dollars per Gallon),3.543,$/GAL
2024-10-28,R20,PADD 2,EPD2DXL0,No 2 Diesel Low Sulfur (0-15 ppm),PTE,Retail Sales,EMD_EPD2DXL0_PTE_R20_DPG,Midwest No 2 Diesel Ultra Low Sulfur (0-15 ppm) Retail Prices (Dollars per Gallon),3.569,$/GAL
2024-11-04,R20,PADD 2,EPD2DXL0,No 2 Diesel Low Sulfur (0-15 ppm),PTE,Retail Sales,EMD_EPD2DXL0_PTE_R20_DPG,Midwest No 2 Diesel Ultra Low Sulfur (0-15 ppm) Retail Prices (Dollars per Gallon),3.517,$/GAL
2024-11-11,R20,PADD 2,EPD2DXL0,No 2 Diesel Low Sulfur (0-15 ppm),PTE,Retail Sales,EMD_EPD2DXL0_PTE_R20_DPG,Midwest No 2 Diesel Ultra Low Sulfur (0-15 ppm) Retail Prices (Dollars per Gallon),3.504,$/GAL
2024-11-18,R20,PADD 2,EPD2DXL0,No 2 Diesel Low Sulfur (0-15 ppm),PTE,Retail Sales,EMD_EPD2DXL0_PTE_R20_DPG,Midwest No 2 Diesel Ultra Low Sulfur (0-15 ppm) Retail Prices (Dollars per Gallon),3.466,$/GAL
2024-11-25,R20,PADD 2,EPD2DXL0,No 2 Diesel Low Sulfur (0-15 ppm),PTE,Retail Sales,EMD_EPD2DXL0_PTE_R20_DPG,Midwest No 2 Diesel Ultra Low Sulfur (0-15 ppm) Retail Prices (Dollars per Gallon),3.531,$/GAL
2024-12-02,R20,PADD 2,EPD2DXL0,No 2 Diesel Low Sulfur (0-15 ppm),PTE,Retail Sales,EMD_EPD2DXL0_PTE_R20_DPG,Midwest No 2 Diesel Ultra Low Sulfur (0-15 ppm) Retail Prices (Dollars per Gallon),3.521,$/GAL
2024-12-09,R20,PADD 2,EPD2DXL0,No 2 Diesel Low Sulfur (0-15 ppm),PTE,Retail Sales,EMD_EPD2DXL0_PTE_R20_DPG,Midwest No 2 Diesel Ultra Low Sulfur (0-15 ppm) Retail Prices (Dollars per Gallon),3.425,$/GAL
2024-12-16,R20,PADD 2,EPD2DXL0,No 2 Diesel Low Sulfur (0-15 ppm),PTE,Retail Sales,EMD_EPD2DXL0_PTE_R20_DPG,Midwest No 2 Diesel Ultra Low Sulfur (0-15 ppm) Retail Prices (Dollars per Gallon),3.45,$/GAL
2024-12-23,R20,PADD 2,EPD2DXL0,No 2 Diesel Low Sulfur (0-15 ppm),PTE,Retail Sales,EMD_EPD2DXL0_PTE_R20_DPG,Midwest No 2 Diesel Ultra Low Sulfur (0-15 ppm) Retail Prices (Dollars per Gallon),3.449,$/GAL
2024-12-30,R20,PADD 2,EPD2DXL0,No 2 Diesel Low Sulfur (0-15 ppm),PTE,Retail Sales,EMD_EPD2DXL0_PTE_R20_DPG,Midwest No 2 Diesel Ultra Low Sulfur (0-15 ppm) Retail Prices (Dollars per Gallon),3.469,$/GAL
2025-01-06,R20,PADD 2,EPD2DXL0,No 2 Diesel Low Sulfur (0-15 ppm),PTE,Retail Sales,EMD_EPD2DXL0_PTE_R20_DPG,Midwest No 2 Diesel Ultra Low Sulfur (0-15 ppm) Retail Prices (Dollars per Gallon),3.53,$/GAL
2025-01-13,R20,PADD 2,EPD2DXL0,No 2 Diesel Low Sulfur (0-15 ppm),PTE,Retail Sales,EMD_EPD2DXL0_PTE_R20_DPG,Midwest No 2 Diesel Ultra Low Sulfur (0-15 ppm) Retail Prices (Dollars per Gallon),3.532,$/GAL
2025-01-20,R20,PADD 2,EPD2DXL0,No 2 Diesel Low Sulfur (0-15 ppm),PTE,Retail Sales,EMD_EPD2DXL0_PTE_R20_DPG,Midwest No 2 Diesel Ultra Low Sulfur (0-15 ppm) Retail Prices (Dollars per Gallon),3.648,$/GAL
2025-01-27,R20,PADD 2,EPD2DXL0,No 2 Diesel Low Sulfur (0-15 ppm),PTE,Retail Sales,EMD_EPD2DXL0_PTE_R20_DPG,Midwest No 2 Diesel Ultra Low Sulfur (0-15 ppm) Retail Prices (Dollars per Gallon),3.568,$/GAL
2025-02-03,R20,PADD 2,EPD2DXL0,No 2 Diesel Low Sulfur (0-15 ppm),PTE,Retail Sales,EMD_EPD2DXL0_PTE_R20_DPG,Midwest No 2 Diesel Ultra Low Sulfur (0-15 ppm) Retail Prices (Dollars per Gallon),3.568,$/GAL
2025-02-10,R20,PADD 2,EPD2DXL0,No 2 Diesel Low Sulfur (0-15 ppm),PTE,Retail Sales,EMD_EPD2DXL0_PTE_R20_DPG,Midwest No 2 Diesel Ultra Low Sulfur (0-15 ppm) Retail Prices (Dollars per Gallon),3.582,$/GAL
2025-02-17,R20,PADD 2,EPD2DXL0,No 2 Diesel Low Sulfur (0-15 ppm),PTE,Retail Sales,EMD_EPD2DXL0_PTE_R20_DPG,Midwest No 2 Diesel Ultra Low Sulfur (0-15 ppm) Retail Prices (Dollars per Gallon),3.602,$/GAL
2025-02-24,R20,PADD 2,EPD2DXL0,No 2 Diesel Low Sulfur (0-15 ppm),PTE,Retail Sales,EMD_EPD2DXL0_PTE_R20_DPG,Midwest No 2 Diesel Ultra Low Sulfur (0-15 ppm) Retail Prices (Dollars per Gallon),3.615,$/GAL
2025-03-03,R20,PADD 2,EPD2DXL0,No 2 Diesel Low Sulfur (0-15 ppm),PTE,Retail Sales,EMD_EPD2DXL0_PTE_R20_DPG,Midwest No 2 Diesel Ultra Low Sulfur (0-15 ppm) Retail Prices (Dollars per Gallon),3.551,$/GAL
2025-03-10,R20,PADD 2,EPD2DXL0,No 2 Diesel Low Sulfur (0-15 ppm),PTE,Retail Sales,EMD_EPD2DXL0_PTE_R20_DPG,Midwest No 2 Diesel Ultra Low Sulfur (0-15 ppm) Retail Prices (Dollars per Gallon),3.497,$/GAL
2025-03-17,R20,PADD 2,EPD2DXL0,No 2 Diesel Low Sulfur (0-15 ppm),PTE,Retail Sales,EMD_EPD2DXL0_PTE_R20_DPG,Midwest No 2 Diesel Ultra Low Sulfur (0-15 ppm) Retail Prices (Dollars per Gallon),3.463,$/GAL
2025-03-24,R20,PADD 2,EPD2DXL0,No 2 Diesel Low Sulfur (0-15 ppm),PTE,Retail Sales,EMD_EPD2DXL0_PTE_R20_DPG,Midwest No 2 Diesel Ultra Low Sulfur (0-15 ppm) Retail Prices (Dollars per Gallon),3.491,$/GAL
2025-03-31,R20,PADD 2,EPD2DXL0,No 2 Diesel Low Sulfur (0-15 ppm),PTE,Retail Sales,EMD_EPD2DXL0_PTE_R20_DPG,Midwest No 2 Diesel Ultra Low Sulfur (0-15 ppm) Retail Prices (Dollars per Gallon),3.519,$/GAL
2025-04-07,R20,PADD 2,EPD2DXL0,No 2 Diesel Low Sulfur (0-15 ppm),PTE,Retail Sales,EMD_EPD2DXL0_PTE_R20_DPG,Midwest No 2 Diesel Ultra Low Sulfur (0-15 ppm) Retail Prices (Dollars per Gallon),3.579,$/GAL
2025-04-14,R20,PADD 2,EPD2DXL0,No 2 Diesel Low Sulfur (0-15 ppm),PTE,Retail Sales,EMD_EPD2DXL0_PTE_R20_DPG,Midwest No 2 Diesel Ultra Low Sulfur (0-15 ppm) Retail Prices (Dollars per Gallon),3.51,$/GAL
2025-04-21,R20,PADD 2,EPD2DXL0,No 2 Diesel Low Sulfur (0-15 ppm),PTE,Retail Sales,EMD_EPD2DXL0_PTE_R20_DPG,Midwest No 2 Diesel Ultra Low Sulfur (0-15 ppm) Retail Prices (Dollars per Gallon),3.475,$/GAL
2025-04-28,R20,PADD 2,EPD2DXL0,No 2 Diesel Low Sulfur (0-15 ppm),PTE,Retail Sales,EMD_EPD2DXL0_PTE_R20_DPG,Midwest No 2 Diesel Ultra Low Sulfur (0-15 ppm) Retail Prices (Dollars per Gallon),3.456,$/GAL
2025-05-05,R20,PADD 2,EPD2DXL0,No 2 Diesel Low Sulfur (0-15 ppm),PTE,Retail Sales,EMD_EPD2DXL0_PTE_R20_DPG,Midwest No 2 Diesel Ultra Low Sulfur (0-15 ppm) Retail Prices (Dollars per Gallon),3.432,$/GAL
2025-05-12,R20,PADD 2,EPD2DXL0,No 2 Diesel Low Sulfur (0-15 ppm),PTE,Retail Sales,EMD_EPD2DXL0_PTE_R20_DPG,Midwest No 2 Diesel Ultra Low Sulfur (0-15 ppm) Retail Prices (Dollars per Gallon),3.416,$/GAL
2025-05-19,R20,PADD 2,EPD2DXL0,No 2 Diesel Low Sulfur (0-15 ppm),PTE,Retail Sales,EMD_EPD2DXL0_PTE_R20_DPG,Midwest No 2 Diesel Ultra Low Sulfur (0-15 ppm) Retail Prices (Dollars per Gallon),3.481,$/GAL
2025-05-26,R20,PADD 2,EPD2DXL0,No 2 Diesel Low Sulfur (0-15 ppm),PTE,Retail Sales,EMD_EPD2DXL0_PTE_R20_DPG,Midwest No 2 Diesel Ultra Low Sulfur (0-15 ppm) Retail Prices (Dollars per Gallon),3.428,$/GAL
2025-06-02,R20,PADD 2,EPD2DXL0,No 2 Diesel Low Sulfur (0-15 ppm),PTE,Retail Sales,EMD_EPD2DXL0_PTE_R20_DPG,Midwest No 2 Diesel Ultra Low Sulfur (0-15 ppm) Retail Prices (Dollars per Gallon),3.388,$/GAL
2025-06-09,R20,PADD 2,EPD2DXL0,No 2 Diesel Low Sulfur (0-15 ppm),PTE,Retail Sales,EMD_EPD2DXL0_PTE_R20_DPG,Midwest No 2 Diesel Ultra Low Sulfur (0-15 ppm) Retail Prices (Dollars per Gallon),3.429,$/GAL
2025-06-16,R20,PADD 2,EPD2DXL0,No 2 Diesel Low Sulfur (0-15 ppm),PTE,Retail Sales,EMD_EPD2DXL0_PTE_R20_DPG,Midwest No 2 Diesel Ultra Low Sulfur (0-15 ppm) Retail Prices (Dollars per Gallon),3.537,$/GAL
2025-06-23,R20,PADD 2,EPD2DXL0,No 2 Diesel Low Sulfur (0-15 ppm),PTE,Retail Sales,EMD_EPD2DXL0_PTE_R20_DPG,Midwest No 2 Diesel Ultra Low Sulfur (0-15 ppm) Retail Prices (Dollars per Gallon),3.777,$/GAL
2025-06-30,R20,PADD 2,EPD2DXL0,No 2 Diesel Low Sulfur (0-15 ppm),PTE,Retail Sales,EMD_EPD2DXL0_PTE_R20_DPG,Midwest No 2 Diesel Ultra Low Sulfur (0-15 ppm) Retail Prices (Dollars per Gallon),3.715,$/GAL
2025-07-07,R20,PADD 2,EPD2DXL0,No 2 Diesel Low Sulfur (0-15 ppm),PTE,Retail Sales,EMD_EPD2DXL0_PTE_R20_DPG,Midwest No 2 Diesel Ultra Low Sulfur (0-15 ppm) Retail Prices (Dollars per Gallon),3.733,$/GAL
2025-07-14,R20,PADD 2,EPD2DXL0,No 2 Diesel Low Sulfur (0-15 ppm),PTE,Retail Sales,EMD_EPD2DXL0_PTE_R20_DPG,Midwest No 2 Diesel Ultra Low Sulfur (0-15 ppm) Retail Prices (Dollars per Gallon),3.733,$/GAL
2025-07-21,R20,PADD 2,EPD2DXL0,No 2 Diesel Low Sulfur (0-15 ppm),PTE,Retail Sales,EMD_EPD2DXL0_PTE_R20_DPG,Midwest No 2 Diesel Ultra Low Sulfur (0-15 ppm) Retail Prices (Dollars per Gallon),3.795,$/GAL
2025-07-28,R20,PADD 2,EPD2DXL0,No 2 Diesel Low Sulfur (0-15 ppm),PTE,Retail Sales,EMD_EPD2DXL0_PTE_R20_DPG,Midwest No 2 Diesel Ultra Low Sulfur (0-15 ppm) Retail Prices (Dollars per Gallon),3.794,$/GAL
2025-08-04,R20,PADD 2,EPD2DXL0,No 2 Diesel Low Sulfur (0-15 ppm),PTE,Retail Sales,EMD_EPD2DXL0_PTE_R20_DPG,Midwest No 2 Diesel Ultra Low Sulfur (0-15 ppm) Retail Prices (Dollars per Gallon),3.792,$/GAL
2025-08-11,R20,PADD 2,EPD2DXL0,No 2 Diesel Low Sulfur (0-15 ppm),PTE,Retail Sales,EMD_EPD2DXL0_PTE_R20_DPG,Midwest No 2 Diesel Ultra Low Sulfur (0-15 ppm) Retail Prices (Dollars per Gallon),3.747,$/GAL
2025-08-18,R20,PADD 2,EPD2DXL0,No 2 Diesel Low Sulfur (0-15 ppm),PTE,Retail Sales,EMD_EPD2DXL0_PTE_R20_DPG,Midwest No 2 Diesel Ultra Low Sulfur (0-15 ppm) Retail Prices (Dollars per Gallon),3.702,$/GAL
2025-08-25,R20,PADD 2,EPD2DXL0,No 2 Diesel Low Sulfur (0-15 ppm),PTE,Retail Sales,EMD_EPD2DXL0_PTE_R20_DPG,Midwest No 2 Diesel Ultra Low Sulfur (0-15 ppm) Retail Prices (Dollars per Gallon),3.698,$/GAL
2025-09-01,R20,PADD 2,EPD2DXL0,No 2 Diesel Low Sulfur (0-15 ppm),PTE,Retail Sales,EMD_EPD2DXL0_PTE_R20_DPG,Midwest No 2 Diesel Ultra Low Sulfur (0-15 ppm) Retail Prices (Dollars per Gallon),3.722,$/GAL
2025-09-08,R20,PADD 2,EPD2DXL0,No 2 Diesel Low Sulfur (0-15 ppm),PTE,Retail Sales,EMD_EPD2DXL0_PTE_R20_DPG,Midwest No 2 Diesel Ultra Low Sulfur (0-15 ppm) Retail Prices (Dollars per Gallon),3.754,$/GAL
2025-09-15,R20,PADD 2,EPD2DXL0,No 2 Diesel Low Sulfur (0-15 ppm),PTE,Retail Sales,EMD_EPD2DXL0_PTE_R20_DPG,Midwest No 2 Diesel Ultra Low Sulfur (0-15 ppm) Retail Prices (Dollars per Gallon),3.71,$/GAL
2025-09-22,R20,PADD 2,EPD2DXL0,No 2 Diesel Low Sulfur (0-15 ppm),PTE,Retail Sales,EMD_EPD2DXL0_PTE_R20_DPG,Midwest No 2 Diesel Ultra Low Sulfur (0-15 ppm) Retail Prices (Dollars per Gallon),3.731,$/GAL
2025-09-29,R20,PADD 2,EPD2DXL0,No 2 Diesel Low Sulfur (0-15 ppm),PTE,Retail Sales,EMD_EPD2DXL0_PTE_R20_DPG,Midwest No 2 Diesel Ultra Low Sulfur (0-15 ppm) Retail Prices (Dollars per Gallon),3.731,$/GAL
2025-10-06,R20,PADD 2,EPD2DXL0,No 2 Diesel Low Sulfur (0-15 ppm),PTE,Retail Sales,EMD_EPD2DXL0_PTE_R20_DPG,Midwest No 2 Diesel Ultra Low Sulfur (0-15 ppm) Retail Prices (Dollars per Gallon),3.67,$/GAL
2025-10-13,R20,PADD 2,EPD2DXL0,No 2 Diesel Low Sulfur (0-15 ppm),PTE,Retail Sales,EMD_EPD2DXL0_PTE_R20_DPG,Midwest No 2 Diesel Ultra Low Sulfur (0-15 ppm) Retail Prices (Dollars per Gallon),3.606,$/GAL
2025-10-20,R20,PADD 2,EPD2DXL0,No 2 Diesel Low Sulfur (0-15 ppm),PTE,Retail Sales,EMD_EPD2DXL0_PTE_R20_DPG,Midwest No 2 Diesel Ultra Low Sulfur (0-15 ppm) Retail Prices (Dollars per Gallon),3.564,$/GAL
2025-10-27,R20,PADD 2,EPD2DXL0,No 2 Diesel Low Sulfur (0-15 ppm),PTE,Retail Sales,EMD_EPD2DXL0_PTE_R20_DPG,Midwest No 2 Diesel Ultra Low Sulfur (0-15 ppm) Retail Prices (Dollars per Gallon),3.715,$/GAL
2025-11-03,R20,PADD 2,EPD2DXL0,No 2 Diesel Low Sulfur (0-15 ppm),PTE,Retail Sales,EMD_EPD2DXL0_PTE_R20_DPG,Midwest No 2 Diesel Ultra Low Sulfur (0-15 ppm) Retail Prices (Dollars per Gallon),3.773,$/GAL
2025-11-10,R20,PADD 2,EPD2DXL0,No 2 Diesel Low Sulfur (0-15 ppm),PTE,Retail Sales,EMD_EPD2DXL0_PTE_R20_DPG,Midwest No 2 Diesel Ultra Low Sulfur (0-15 ppm) Retail Prices (Dollars per Gallon),3.891,$/GAL
2025-11-17,R20,PADD 2,EPD2DXL0,No 2 Diesel Low Sulfur (0-15 ppm),PTE,Retail Sales,EMD_EPD2DXL0_PTE_R20_DPG,Midwest No 2 Diesel Ultra Low Sulfur (0-15 ppm) Retail Prices (Dollars per Gallon),3.913,$/GAL
2025-11-24,R20,PADD 2,EPD2DXL0,No 2 Diesel Low Sulfur (0-15 ppm),PTE,Retail Sales,EMD_EPD2DXL0_PTE_R20_DPG,Midwest No 2 Diesel Ultra Low Sulfur (0-15 ppm) Retail Prices (Dollars per Gallon),3.85,$/GAL
2025-12-01,R20,PADD 2,EPD2DXL0,No 2 Diesel Low Sulfur (0-15 ppm),PTE,Retail Sales,EMD_EPD2DXL0_PTE_R20_DPG,Midwest No 2 Diesel Ultra Low Sulfur (0-15 ppm) Retail Prices (Dollars per Gallon),3.755,$/GAL
2025-12-08,R20,PADD 2,EPD2DXL0,No 2 Diesel Low Sulfur (0-15 ppm),PTE,Retail Sales,EMD_EPD2DXL0_PTE_R20_DPG,Midwest No 2 Diesel Ultra Low Sulfur (0-15 ppm) Retail Prices (Dollars per Gallon),3.635,$/GAL
2025-12-15,R20,PADD 2,EPD2DXL0,No 2 Diesel Low Sulfur (0-15 ppm),PTE,Retail Sales,EMD_EPD2DXL0_PTE_R20_DPG,Midwest No 2 Diesel Ultra Low Sulfur (0-15 ppm) Retail Prices (Dollars per Gallon),3.567,$/GAL
2025-12-22,R20,PADD 2,EPD2DXL0,No 2 Diesel Low Sulfur (0-15 ppm),PTE,Retail Sales,EMD_EPD2DXL0_PTE_R20_DPG,Midwest No 2 Diesel Ultra Low Sulfur (0-15 ppm) Retail Prices (Dollars per Gallon),3.483,$/GAL
2025-12-29,R20,PADD 2,EPD2DXL0,No 2 Diesel Low Sulfur (0-15 ppm),PTE,Retail Sales,EMD_EPD2DXL0_PTE_R20_DPG,Midwest No 2 Diesel Ultra Low Sulfur (0-15 ppm) Retail Prices (Dollars per Gallon),3.424,$/GAL
2026-01-05,R20,PADD 2,EPD2DXL0,No 2 Diesel Low Sulfur (0-15 ppm),PTE,Retail Sales,EMD_EPD2DXL0_PTE_R20_DPG,Midwest No 2 Diesel Ultra Low Sulfur (0-15 ppm) Retail Prices (Dollars per Gallon),3.387,$/GAL
2026-01-12,R20,PADD 2,EPD2DXL0,No 2 Diesel Low Sulfur (0-15 ppm),PTE,Retail Sales,EMD_EPD2DXL0_PTE_R20_DPG,Midwest No 2 Diesel Ultra Low Sulfur (0-15 ppm) Retail Prices (Dollars per Gallon),3.365,$/GAL
2026-01-19,R20,PADD 2,EPD2DXL0,No 2 Diesel Low Sulfur (0-15 ppm),PTE,Retail Sales,EMD_EPD2DXL0_PTE_R20_DPG,Midwest No 2 Diesel Ultra Low Sulfur (0-15 ppm) Retail Prices (Dollars per Gallon),3.445,$/GAL
2026-01-26,R20,PADD 2,EPD2DXL0,No 2 Diesel Low Sulfur (0-15 ppm),PTE,Retail Sales,EMD_EPD2DXL0_PTE_R20_DPG,Midwest No 2 Diesel Ultra Low Sulfur (0-15 ppm) Retail Prices (Dollars per Gallon),3.579,$/GAL
2026-02-02,R20,PADD 2,EPD2DXL0,No 2 Diesel Low Sulfur (0-15 ppm),PTE,Retail Sales,EMD_EPD2DXL0_PTE_R20_DPG,Midwest No 2 Diesel Ultra Low Sulfur (0-15 ppm) Retail Prices (Dollars per Gallon),3.625,$/GAL
2026-02-09,R20,PADD 2,EPD2DXL0,No 2 Diesel Low Sulfur (0-15 ppm),PTE,Retail Sales,EMD_EPD2DXL0_PTE_R20_DPG,Midwest No 2 Diesel Ultra Low Sulfur (0-15 ppm) Retail Prices (Dollars per Gallon),3.636,$/GAL
2026-02-16,R20,PADD 2,EPD2DXL0,No 2 Diesel Low Sulfur (0-15 ppm),PTE,Retail Sales,EMD_EPD2DXL0_PTE_R20_DPG,Midwest No 2 Diesel Ultra Low Sulfur (0-15 ppm) Retail Prices (Dollars per Gallon),3.664,$/GAL
2026-02-23,R20,PADD 2,EPD2DXL0,No 2 Diesel Low Sulfur (0-15 ppm),PTE,Retail Sales,EMD_EPD2DXL0_PTE_R20_DPG,Midwest No 2 Diesel Ultra Low Sulfur (0-15 ppm) Retail Prices (Dollars per Gallon),3.798,$/GAL
2026-03-02,R20,PADD 2,EPD2DXL0,No 2 Diesel Low Sulfur (0-15 ppm),PTE,Retail Sales,EMD_EPD2DXL0_PTE_R20_DPG,Midwest No 2 Diesel Ultra Low Sulfur (0-15 ppm) Retail Prices (Dollars per Gallon),3.888,$/GAL
2026-03-09,R20,PADD 2,EPD2DXL0,No 2 Diesel Low Sulfur (0-15 ppm),PTE,Retail Sales,EMD_EPD2DXL0_PTE_R20_DPG,Midwest No 2 Diesel Ultra Low Sulfur (0-15 ppm) Retail Prices (Dollars per Gallon),4.801,$/GAL
2026-03-16,R20,PADD 2,EPD2DXL0,No 2 Diesel Low Sulfur (0-15 ppm),PTE,Retail Sales,EMD_EPD2DXL0_PTE_R20_DPG,Midwest No 2 Diesel Ultra Low Sulfur (0-15 ppm) Retail Prices (Dollars per Gallon),4.97,$/GAL
2024-03-25,R30,PADD 3,EPD2DXL0,No 2 Diesel Low Sulfur (0-15 ppm),PTE,Retail Sales,EMD_EPD2DXL0_PTE_R30_DPG,Gulf Coast No 2 Diesel Ultra Low Sulfur (0-15 ppm) Retail Prices (Dollars per Gallon),3.717,$/GAL
2024-04-01,R30,PADD 3,EPD2DXL0,No 2 Diesel Low Sulfur (0-15 ppm),PTE,Retail Sales,EMD_EPD2DXL0_PTE_R30_DPG,Gulf Coast No 2 Diesel Ultra Low Sulfur (0-15 ppm) Retail Prices (Dollars per Gallon),3.67,$/GAL
2024-04-08,R30,PADD 3,EPD2DXL0,No 2 Diesel Low Sulfur (0-15 ppm),PTE,Retail Sales,EMD_EPD2DXL0_PTE_R30_DPG,Gulf Coast No 2 Diesel Ultra Low Sulfur (0-15 ppm) Retail Prices (Dollars per Gallon),3.76,$/GAL
2024-04-15,R30,PADD 3,EPD2DXL0,No 2 Diesel Low Sulfur (0-15 ppm),PTE,Retail Sales,EMD_EPD2DXL0_PTE_R30_DPG,Gulf Coast No 2 Diesel Ultra Low Sulfur (0-15 ppm) Retail Prices (Dollars per Gallon),3.71,$/GAL
2024-04-22,R30,PADD 3,EPD2DXL0,No 2 Diesel Low Sulfur (0-15 ppm),PTE,Retail Sales,EMD_EPD2DXL0_PTE_R30_DPG,Gulf Coast No 2 Diesel Ultra Low Sulfur (0-15 ppm) Retail Prices (Dollars per Gallon),3.707,$/GAL
2024-04-29,R30,PADD 3,EPD2DXL0,No 2 Diesel Low Sulfur (0-15 ppm),PTE,Retail Sales,EMD_EPD2DXL0_PTE_R30_DPG,Gulf Coast No 2 Diesel Ultra Low Sulfur (0-15 ppm) Retail Prices (Dollars per Gallon),3.657,$/GAL
2024-05-06,R30,PADD 3,EPD2DXL0,No 2 Diesel Low Sulfur (0-15 ppm),PTE,Retail Sales,EMD_EPD2DXL0_PTE_R30_DPG,Gulf Coast No 2 Diesel Ultra Low Sulfur (0-15 ppm) Retail Prices (Dollars per Gallon),3.617,$/GAL
2024-05-13,R30,PADD 3,EPD2DXL0,No 2 Diesel Low Sulfur (0-15 ppm),PTE,Retail Sales,EMD_EPD2DXL0_PTE_R30_DPG,Gulf Coast No 2 Diesel Ultra Low Sulfur (0-15 ppm) Retail Prices (Dollars per Gallon),3.559,$/GAL
2024-05-20,R30,PADD 3,EPD2DXL0,No 2 Diesel Low Sulfur (0-15 ppm),PTE,Retail Sales,EMD_EPD2DXL0_PTE_R30_DPG,Gulf Coast No 2 Diesel Ultra Low Sulfur (0-15 ppm) Retail Prices (Dollars per Gallon),3.49,$/GAL
2024-05-27,R30,PADD 3,EPD2DXL0,No 2 Diesel Low Sulfur (0-15 ppm),PTE,Retail Sales,EMD_EPD2DXL0_PTE_R30_DPG,Gulf Coast No 2 Diesel Ultra Low Sulfur (0-15 ppm) Retail Prices (Dollars per Gallon),3.478,$/GAL
2024-06-03,R30,PADD 3,EPD2DXL0,No 2 Diesel Low Sulfur (0-15 ppm),PTE,Retail Sales,EMD_EPD2DXL0_PTE_R30_DPG,Gulf Coast No 2 Diesel Ultra Low Sulfur (0-15 ppm) Retail Prices (Dollars per Gallon),3.45,$/GAL
2024-06-10,R30,PADD 3,EPD2DXL0,No 2 Diesel Low Sulfur (0-15 ppm),PTE,Retail Sales,EMD_EPD2DXL0_PTE_R30_DPG,Gulf Coast No 2 Diesel Ultra Low Sulfur (0-15 ppm) Retail Prices (Dollars per Gallon),3.384,$/GAL
2024-06-17,R30,PADD 3,EPD2DXL0,No 2 Diesel Low Sulfur (0-15 ppm),PTE,Retail Sales,EMD_EPD2DXL0_PTE_R30_DPG,Gulf Coast No 2 Diesel Ultra Low Sulfur (0-15 ppm) Retail Prices (Dollars per Gallon),3.472,$/GAL
2024-06-24,R30,PADD 3,EPD2DXL0,No 2 Diesel Low Sulfur (0-15 ppm),PTE,Retail Sales,EMD_EPD2DXL0_PTE_R30_DPG,Gulf Coast No 2 Diesel Ultra Low Sulfur (0-15 ppm) Retail Prices (Dollars per Gallon),3.506,$/GAL
2024-07-01,R30,PADD 3,EPD2DXL0,No 2 Diesel Low Sulfur (0-15 ppm),PTE,Retail Sales,EMD_EPD2DXL0_PTE_R30_DPG,Gulf Coast No 2 Diesel Ultra Low Sulfur (0-15 ppm) Retail Prices (Dollars per Gallon),3.549,$/GAL
2024-07-08,R30,PADD 3,EPD2DXL0,No 2 Diesel Low Sulfur (0-15 ppm),PTE,Retail Sales,EMD_EPD2DXL0_PTE_R30_DPG,Gulf Coast No 2 Diesel Ultra Low Sulfur (0-15 ppm) Retail Prices (Dollars per Gallon),3.598,$/GAL
2024-07-15,R30,PADD 3,EPD2DXL0,No 2 Diesel Low Sulfur (0-15 ppm),PTE,Retail Sales,EMD_EPD2DXL0_PTE_R30_DPG,Gulf Coast No 2 Diesel Ultra Low Sulfur (0-15 ppm) Retail Prices (Dollars per Gallon),3.551,$/GAL
2024-07-22,R30,PADD 3,EPD2DXL0,No 2 Diesel Low Sulfur (0-15 ppm),PTE,Retail Sales,EMD_EPD2DXL0_PTE_R30_DPG,Gulf Coast No 2 Diesel Ultra Low Sulfur (0-15 ppm) Retail Prices (Dollars per Gallon),3.461,$/GAL
2024-07-29,R30,PADD 3,EPD2DXL0,No 2 Diesel Low Sulfur (0-15 ppm),PTE,Retail Sales,EMD_EPD2DXL0_PTE_R30_DPG,Gulf Coast No 2 Diesel Ultra Low Sulfur (0-15 ppm) Retail Prices (Dollars per Gallon),3.468,$/GAL
2024-08-05,R30,PADD 3,EPD2DXL0,No 2 Diesel Low Sulfur (0-15 ppm),PTE,Retail Sales,EMD_EPD2DXL0_PTE_R30_DPG,Gulf Coast No 2 Diesel Ultra Low Sulfur (0-15 ppm) Retail Prices (Dollars per Gallon),3.436,$/GAL
2024-08-12,R30,PADD 3,EPD2DXL0,No 2 Diesel Low Sulfur (0-15 ppm),PTE,Retail Sales,EMD_EPD2DXL0_PTE_R30_DPG,Gulf Coast No 2 Diesel Ultra Low Sulfur (0-15 ppm) Retail Prices (Dollars per Gallon),3.371,$/GAL
2024-08-19,R30,PADD 3,EPD2DXL0,No 2 Diesel Low Sulfur (0-15 ppm),PTE,Retail Sales,EMD_EPD2DXL0_PTE_R30_DPG,Gulf Coast No 2 Diesel Ultra Low Sulfur (0-15 ppm) Retail Prices (Dollars per Gallon),3.355,$/GAL
2024-08-26,R30,PADD 3,EPD2DXL0,No 2 Diesel Low Sulfur (0-15 ppm),PTE,Retail Sales,EMD_EPD2DXL0_PTE_R30_DPG,Gulf Coast No 2 Diesel Ultra Low Sulfur (0-15 ppm) Retail Prices (Dollars per Gallon),3.317,$/GAL
2024-09-02,R30,PADD 3,EPD2DXL0,No 2 Diesel Low Sulfur (0-15 ppm),PTE,Retail Sales,EMD_EPD2DXL0_PTE_R30_DPG,Gulf Coast No 2 Diesel Ultra Low Sulfur (0-15 ppm) Retail Prices (Dollars per Gallon),3.265,$/GAL
2024-09-09,R30,PADD 3,EPD2DXL0,No 2 Diesel Low Sulfur (0-15 ppm),PTE,Retail Sales,EMD_EPD2DXL0_PTE_R30_DPG,Gulf Coast No 2 Diesel Ultra Low Sulfur (0-15 ppm) Retail Prices (Dollars per Gallon),3.19,$/GAL
2024-09-16,R30,PADD 3,EPD2DXL0,No 2 Diesel Low Sulfur (0-15 ppm),PTE,Retail Sales,EMD_EPD2DXL0_PTE_R30_DPG,Gulf Coast No 2 Diesel Ultra Low Sulfur (0-15 ppm) Retail Prices (Dollars per Gallon),3.172,$/GAL
2024-09-23,R30,PADD 3,EPD2DXL0,No 2 Diesel Low Sulfur (0-15 ppm),PTE,Retail Sales,EMD_EPD2DXL0_PTE_R30_DPG,Gulf Coast No 2 Diesel Ultra Low Sulfur (0-15 ppm) Retail Prices (Dollars per Gallon),3.191,$/GAL
2024-09-30,R30,PADD 3,EPD2DXL0,No 2 Diesel Low Sulfur (0-15 ppm),PTE,Retail Sales,EMD_EPD2DXL0_PTE_R30_DPG,Gulf Coast No 2 Diesel Ultra Low Sulfur (0-15 ppm) Retail Prices (Dollars per Gallon),3.212,$/GAL
2024-10-07,R30,PADD 3,EPD2DXL0,No 2 Diesel Low Sulfur (0-15 ppm),PTE,Retail Sales,EMD_EPD2DXL0_PTE_R30_DPG,Gulf Coast No 2 Diesel Ultra Low Sulfur (0-15 ppm) Retail Prices (Dollars per Gallon),3.266,$/GAL
2024-10-14,R30,PADD 3,EPD2DXL0,No 2 Diesel Low Sulfur (0-15 ppm),PTE,Retail Sales,EMD_EPD2DXL0_PTE_R30_DPG,Gulf Coast No 2 Diesel Ultra Low Sulfur (0-15 ppm) Retail Prices (Dollars per Gallon),3.337,$/GAL
2024-10-21,R30,PADD 3,EPD2DXL0,No 2 Diesel Low Sulfur (0-15 ppm),PTE,Retail Sales,EMD_EPD2DXL0_PTE_R30_DPG,Gulf Coast No 2 Diesel Ultra Low Sulfur (0-15 ppm) Retail Prices (Dollars per Gallon),3.199,$/GAL
2024-10-28,R30,PADD 3,EPD2DXL0,No 2 Diesel Low Sulfur (0-15 ppm),PTE,Retail Sales,EMD_EPD2DXL0_PTE_R30_DPG,Gulf Coast No 2 Diesel Ultra Low Sulfur (0-15 ppm) Retail Prices (Dollars per Gallon),3.23,$/GAL
2024-11-04,R30,PADD 3,EPD2DXL0,No 2 Diesel Low Sulfur (0-15 ppm),PTE,Retail Sales,EMD_EPD2DXL0_PTE_R30_DPG,Gulf Coast No 2 Diesel Ultra Low Sulfur (0-15 ppm) Retail Prices (Dollars per Gallon),3.184,$/GAL
2024-11-11,R30,PADD 3,EPD2DXL0,No 2 Diesel Low Sulfur (0-15 ppm),PTE,Retail Sales,EMD_EPD2DXL0_PTE_R30_DPG,Gulf Coast No 2 Diesel Ultra Low Sulfur (0-15 ppm) Retail Prices (Dollars per Gallon),3.17,$/GAL
2024-11-18,R30,PADD 3,EPD2DXL0,No 2 Diesel Low Sulfur (0-15 ppm),PTE,Retail Sales,EMD_EPD2DXL0_PTE_R30_DPG,Gulf Coast No 2 Diesel Ultra Low Sulfur (0-15 ppm) Retail Prices (Dollars per Gallon),3.153,$/GAL
2024-11-25,R30,PADD 3,EPD2DXL0,No 2 Diesel Low Sulfur (0-15 ppm),PTE,Retail Sales,EMD_EPD2DXL0_PTE_R30_DPG,Gulf Coast No 2 Diesel Ultra Low Sulfur (0-15 ppm) Retail Prices (Dollars per Gallon),3.203,$/GAL
2024-12-02,R30,PADD 3,EPD2DXL0,No 2 Diesel Low Sulfur (0-15 ppm),PTE,Retail Sales,EMD_EPD2DXL0_PTE_R30_DPG,Gulf Coast No 2 Diesel Ultra Low Sulfur (0-15 ppm) Retail Prices (Dollars per Gallon),3.227,$/GAL
2024-12-09,R30,PADD 3,EPD2DXL0,No 2 Diesel Low Sulfur (0-15 ppm),PTE,Retail Sales,EMD_EPD2DXL0_PTE_R30_DPG,Gulf Coast No 2 Diesel Ultra Low Sulfur (0-15 ppm) Retail Prices (Dollars per Gallon),3.13,$/GAL
2024-12-16,R30,PADD 3,EPD2DXL0,No 2 Diesel Low Sulfur (0-15 ppm),PTE,Retail Sales,EMD_EPD2DXL0_PTE_R30_DPG,Gulf Coast No 2 Diesel Ultra Low Sulfur (0-15 ppm) Retail Prices (Dollars per Gallon),3.19,$/GAL
2024-12-23,R30,PADD 3,EPD2DXL0,No 2 Diesel Low Sulfur (0-15 ppm),PTE,Retail Sales,EMD_EPD2DXL0_PTE_R30_DPG,Gulf Coast No 2 Diesel Ultra Low Sulfur (0-15 ppm) Retail Prices (Dollars per Gallon),3.154,$/GAL
2024-12-30,R30,PADD 3,EPD2DXL0,No 2 Diesel Low Sulfur (0-15 ppm),PTE,Retail Sales,EMD_EPD2DXL0_PTE_R30_DPG,Gulf Coast No 2 Diesel Ultra Low Sulfur (0-15 ppm) Retail Prices (Dollars per Gallon),3.196,$/GAL
2025-01-06,R30,PADD 3,EPD2DXL0,No 2 Diesel Low Sulfur (0-15 ppm),PTE,Retail Sales,EMD_EPD2DXL0_PTE_R30_DPG,Gulf Coast No 2 Diesel Ultra Low Sulfur (0-15 ppm) Retail Prices (Dollars per Gallon),3.269,$/GAL
2025-01-13,R30,PADD 3,EPD2DXL0,No 2 Diesel Low Sulfur (0-15 ppm),PTE,Retail Sales,EMD_EPD2DXL0_PTE_R30_DPG,Gulf Coast No 2 Diesel Ultra Low Sulfur (0-15 ppm) Retail Prices (Dollars per Gallon),3.321,$/GAL
2025-01-20,R30,PADD 3,EPD2DXL0,No 2 Diesel Low Sulfur (0-15 ppm),PTE,Retail Sales,EMD_EPD2DXL0_PTE_R30_DPG,Gulf Coast No 2 Diesel Ultra Low Sulfur (0-15 ppm) Retail Prices (Dollars per Gallon),3.455,$/GAL
2025-01-27,R30,PADD 3,EPD2DXL0,No 2 Diesel Low Sulfur (0-15 ppm),PTE,Retail Sales,EMD_EPD2DXL0_PTE_R30_DPG,Gulf Coast No 2 Diesel Ultra Low Sulfur (0-15 ppm) Retail Prices (Dollars per Gallon),3.378,$/GAL
2025-02-03,R30,PADD 3,EPD2DXL0,No 2 Diesel Low Sulfur (0-15 ppm),PTE,Retail Sales,EMD_EPD2DXL0_PTE_R30_DPG,Gulf Coast No 2 Diesel Ultra Low Sulfur (0-15 ppm) Retail Prices (Dollars per Gallon),3.395,$/GAL
2025-02-10,R30,PADD 3,EPD2DXL0,No 2 Diesel Low Sulfur (0-15 ppm),PTE,Retail Sales,EMD_EPD2DXL0_PTE_R30_DPG,Gulf Coast No 2 Diesel Ultra Low Sulfur (0-15 ppm) Retail Prices (Dollars per Gallon),3.393,$/GAL
2025-02-17,R30,PADD 3,EPD2DXL0,No 2 Diesel Low Sulfur (0-15 ppm),PTE,Retail Sales,EMD_EPD2DXL0_PTE_R30_DPG,Gulf Coast No 2 Diesel Ultra Low Sulfur (0-15 ppm) Retail Prices (Dollars per Gallon),3.382,$/GAL
2025-02-24,R30,PADD 3,EPD2DXL0,No 2 Diesel Low Sulfur (0-15 ppm),PTE,Retail Sales,EMD_EPD2DXL0_PTE_R30_DPG,Gulf Coast No 2 Diesel Ultra Low Sulfur (0-15 ppm) Retail Prices (Dollars per Gallon),3.42,$/GAL
2025-03-03,R30,PADD 3,EPD2DXL0,No 2 Diesel Low Sulfur (0-15 ppm),PTE,Retail Sales,EMD_EPD2DXL0_PTE_R30_DPG,Gulf Coast No 2 Diesel Ultra Low Sulfur (0-15 ppm) Retail Prices (Dollars per Gallon),3.343,$/GAL
2025-03-10,R30,PADD 3,EPD2DXL0,No 2 Diesel Low Sulfur (0-15 ppm),PTE,Retail Sales,EMD_EPD2DXL0_PTE_R30_DPG,Gulf Coast No 2 Diesel Ultra Low Sulfur (0-15 ppm) Retail Prices (Dollars per Gallon),3.284,$/GAL
2025-03-17,R30,PADD 3,EPD2DXL0,No 2 Diesel Low Sulfur (0-15 ppm),PTE,Retail Sales,EMD_EPD2DXL0_PTE_R30_DPG,Gulf Coast No 2 Diesel Ultra Low Sulfur (0-15 ppm) Retail Prices (Dollars per Gallon),3.245,$/GAL
2025-03-24,R30,PADD 3,EPD2DXL0,No 2 Diesel Low Sulfur (0-15 ppm),PTE,Retail Sales,EMD_EPD2DXL0_PTE_R30_DPG,Gulf Coast No 2 Diesel Ultra Low Sulfur (0-15 ppm) Retail Prices (Dollars per Gallon),3.265,$/GAL
2025-03-31,R30,PADD 3,EPD2DXL0,No 2 Diesel Low Sulfur (0-15 ppm),PTE,Retail Sales,EMD_EPD2DXL0_PTE_R30_DPG,Gulf Coast No 2 Diesel Ultra Low Sulfur (0-15 ppm) Retail Prices (Dollars per Gallon),3.282,$/GAL
2025-04-07,R30,PADD 3,EPD2DXL0,No 2 Diesel Low Sulfur (0-15 ppm),PTE,Retail Sales,EMD_EPD2DXL0_PTE_R30_DPG,Gulf Coast No 2 Diesel Ultra Low Sulfur (0-15 ppm) Retail Prices (Dollars per Gallon),3.338,$/GAL
2025-04-14,R30,PADD 3,EPD2DXL0,No 2 Diesel Low Sulfur (0-15 ppm),PTE,Retail Sales,EMD_EPD2DXL0_PTE_R30_DPG,Gulf Coast No 2 Diesel Ultra Low Sulfur (0-15 ppm) Retail Prices (Dollars per Gallon),3.267,$/GAL
2025-04-21,R30,PADD 3,EPD2DXL0,No 2 Diesel Low Sulfur (0-15 ppm),PTE,Retail Sales,EMD_EPD2DXL0_PTE_R30_DPG,Gulf Coast No 2 Diesel Ultra Low Sulfur (0-15 ppm) Retail Prices (Dollars per Gallon),3.195,$/GAL
2025-04-28,R30,PADD 3,EPD2DXL0,No 2 Diesel Low Sulfur (0-15 ppm),PTE,Retail Sales,EMD_EPD2DXL0_PTE_R30_DPG,Gulf Coast No 2 Diesel Ultra Low Sulfur (0-15 ppm) Retail Prices (Dollars per Gallon),3.183,$/GAL
2025-05-05,R30,PADD 3,EPD2DXL0,No 2 Diesel Low Sulfur (0-15 ppm),PTE,Retail Sales,EMD_EPD2DXL0_PTE_R30_DPG,Gulf Coast No 2 Diesel Ultra Low Sulfur (0-15 ppm) Retail Prices (Dollars per Gallon),3.174,$/GAL
2025-05-12,R30,PADD 3,EPD2DXL0,No 2 Diesel Low Sulfur (0-15 ppm),PTE,Retail Sales,EMD_EPD2DXL0_PTE_R30_DPG,Gulf Coast No 2 Diesel Ultra Low Sulfur (0-15 ppm) Retail Prices (Dollars per Gallon),3.143,$/GAL
2025-05-19,R30,PADD 3,EPD2DXL0,No 2 Diesel Low Sulfur (0-15 ppm),PTE,Retail Sales,EMD_EPD2DXL0_PTE_R30_DPG,Gulf Coast No 2 Diesel Ultra Low Sulfur (0-15 ppm) Retail Prices (Dollars per Gallon),3.201,$/GAL
2025-05-26,R30,PADD 3,EPD2DXL0,No 2 Diesel Low Sulfur (0-15 ppm),PTE,Retail Sales,EMD_EPD2DXL0_PTE_R30_DPG,Gulf Coast No 2 Diesel Ultra Low Sulfur (0-15 ppm) Retail Prices (Dollars per Gallon),3.136,$/GAL
2025-06-02,R30,PADD 3,EPD2DXL0,No 2 Diesel Low Sulfur (0-15 ppm),PTE,Retail Sales,EMD_EPD2DXL0_PTE_R30_DPG,Gulf Coast No 2 Diesel Ultra Low Sulfur (0-15 ppm) Retail Prices (Dollars per Gallon),3.097,$/GAL
2025-06-09,R30,PADD 3,EPD2DXL0,No 2 Diesel Low Sulfur (0-15 ppm),PTE,Retail Sales,EMD_EPD2DXL0_PTE_R30_DPG,Gulf Coast No 2 Diesel Ultra Low Sulfur (0-15 ppm) Retail Prices (Dollars per Gallon),3.109,$/GAL
2025-06-16,R30,PADD 3,EPD2DXL0,No 2 Diesel Low Sulfur (0-15 ppm),PTE,Retail Sales,EMD_EPD2DXL0_PTE_R30_DPG,Gulf Coast No 2 Diesel Ultra Low Sulfur (0-15 ppm) Retail Prices (Dollars per Gallon),3.212,$/GAL
2025-06-23,R30,PADD 3,EPD2DXL0,No 2 Diesel Low Sulfur (0-15 ppm),PTE,Retail Sales,EMD_EPD2DXL0_PTE_R30_DPG,Gulf Coast No 2 Diesel Ultra Low Sulfur (0-15 ppm) Retail Prices (Dollars per Gallon),3.436,$/GAL
2025-06-30,R30,PADD 3,EPD2DXL0,No 2 Diesel Low Sulfur (0-15 ppm),PTE,Retail Sales,EMD_EPD2DXL0_PTE_R30_DPG,Gulf Coast No 2 Diesel Ultra Low Sulfur (0-15 ppm) Retail Prices (Dollars per Gallon),3.369,$/GAL
2025-07-07,R30,PADD 3,EPD2DXL0,No 2 Diesel Low Sulfur (0-15 ppm),PTE,Retail Sales,EMD_EPD2DXL0_PTE_R30_DPG,Gulf Coast No 2 Diesel Ultra Low Sulfur (0-15 ppm) Retail Prices (Dollars per Gallon),3.383,$/GAL
2025-07-14,R30,PADD 3,EPD2DXL0,No 2 Diesel Low Sulfur (0-15 ppm),PTE,Retail Sales,EMD_EPD2DXL0_PTE_R30_DPG,Gulf Coast No 2 Diesel Ultra Low Sulfur (0-15 ppm) Retail Prices (Dollars per Gallon),3.403,$/GAL
2025-07-21,R30,PADD 3,EPD2DXL0,No 2 Diesel Low Sulfur (0-15 ppm),PTE,Retail Sales,EMD_EPD2DXL0_PTE_R30_DPG,Gulf Coast No 2 Diesel Ultra Low Sulfur (0-15 ppm) Retail Prices (Dollars per Gallon),3.476,$/GAL
2025-07-28,R30,PADD 3,EPD2DXL0,No 2 Diesel Low Sulfur (0-15 ppm),PTE,Retail Sales,EMD_EPD2DXL0_PTE_R30_DPG,Gulf Coast No 2 Diesel Ultra Low Sulfur (0-15 ppm) Retail Prices (Dollars per Gallon),3.454,$/GAL
2025-08-04,R30,PADD 3,EPD2DXL0,No 2 Diesel Low Sulfur (0-15 ppm),PTE,Retail Sales,EMD_EPD2DXL0_PTE_R30_DPG,Gulf Coast No 2 Diesel Ultra Low Sulfur (0-15 ppm) Retail Prices (Dollars per Gallon),3.442,$/GAL
2025-08-11,R30,PADD 3,EPD2DXL0,No 2 Diesel Low Sulfur (0-15 ppm),PTE,Retail Sales,EMD_EPD2DXL0_PTE_R30_DPG,Gulf Coast No 2 Diesel Ultra Low Sulfur (0-15 ppm) Retail Prices (Dollars per Gallon),3.397,$/GAL
2025-08-18,R30,PADD 3,EPD2DXL0,No 2 Diesel Low Sulfur (0-15 ppm),PTE,Retail Sales,EMD_EPD2DXL0_PTE_R30_DPG,Gulf Coast No 2 Diesel Ultra Low Sulfur (0-15 ppm) Retail Prices (Dollars per Gallon),3.34,$/GAL
2025-08-25,R30,PADD 3,EPD2DXL0,No 2 Diesel Low Sulfur (0-15 ppm),PTE,Retail Sales,EMD_EPD2DXL0_PTE_R30_DPG,Gulf Coast No 2 Diesel Ultra Low Sulfur (0-15 ppm) Retail Prices (Dollars per Gallon),3.328,$/GAL
2025-09-01,R30,PADD 3,EPD2DXL0,No 2 Diesel Low Sulfur (0-15 ppm),PTE,Retail Sales,EMD_EPD2DXL0_PTE_R30_DPG,Gulf Coast No 2 Diesel Ultra Low Sulfur (0-15 ppm) Retail Prices (Dollars per Gallon),3.367,$/GAL
2025-09-08,R30,PADD 3,EPD2DXL0,No 2 Diesel Low Sulfur (0-15 ppm),PTE,Retail Sales,EMD_EPD2DXL0_PTE_R30_DPG,Gulf Coast No 2 Diesel Ultra Low Sulfur (0-15 ppm) Retail Prices (Dollars per Gallon),3.404,$/GAL
2025-09-15,R30,PADD 3,EPD2DXL0,No 2 Diesel Low Sulfur (0-15 ppm),PTE,Retail Sales,EMD_EPD2DXL0_PTE_R30_DPG,Gulf Coast No 2 Diesel Ultra Low Sulfur (0-15 ppm) Retail Prices (Dollars per Gallon),3.389,$/GAL
2025-09-22,R30,PADD 3,EPD2DXL0,No 2 Diesel Low Sulfur (0-15 ppm),PTE,Retail Sales,EMD_EPD2DXL0_PTE_R30_DPG,Gulf Coast No 2 Diesel Ultra Low Sulfur (0-15 ppm) Retail Prices (Dollars per Gallon),3.4,$/GAL
2025-09-29,R30,PADD 3,EPD2DXL0,No 2 Diesel Low Sulfur (0-15 ppm),PTE,Retail Sales,EMD_EPD2DXL0_PTE_R30_DPG,Gulf Coast No 2 Diesel Ultra Low Sulfur (0-15 ppm) Retail Prices (Dollars per Gallon),3.413,$/GAL
2025-10-06,R30,PADD 3,EPD2DXL0,No 2 Diesel Low Sulfur (0-15 ppm),PTE,Retail Sales,EMD_EPD2DXL0_PTE_R30_DPG,Gulf Coast No 2 Diesel Ultra Low Sulfur (0-15 ppm) Retail Prices (Dollars per Gallon),3.364,$/GAL
2025-10-13,R30,PADD 3,EPD2DXL0,No 2 Diesel Low Sulfur (0-15 ppm),PTE,Retail Sales,EMD_EPD2DXL0_PTE_R30_DPG,Gulf Coast No 2 Diesel Ultra Low Sulfur (0-15 ppm) Retail Prices (Dollars per Gallon),3.299,$/GAL
2025-10-20,R30,PADD 3,EPD2DXL0,No 2 Diesel Low Sulfur (0-15 ppm),PTE,Retail Sales,EMD_EPD2DXL0_PTE_R30_DPG,Gulf Coast No 2 Diesel Ultra Low Sulfur (0-15 ppm) Retail Prices (Dollars per Gallon),3.256,$/GAL
2025-10-27,R30,PADD 3,EPD2DXL0,No 2 Diesel Low Sulfur (0-15 ppm),PTE,Retail Sales,EMD_EPD2DXL0_PTE_R30_DPG,Gulf Coast No 2 Diesel Ultra Low Sulfur (0-15 ppm) Retail Prices (Dollars per Gallon),3.35,$/GAL
2025-11-03,R30,PADD 3,EPD2DXL0,No 2 Diesel Low Sulfur (0-15 ppm),PTE,Retail Sales,EMD_EPD2DXL0_PTE_R30_DPG,Gulf Coast No 2 Diesel Ultra Low Sulfur (0-15 ppm) Retail Prices (Dollars per Gallon),3.374,$/GAL
2025-11-10,R30,PADD 3,EPD2DXL0,No 2 Diesel Low Sulfur (0-15 ppm),PTE,Retail Sales,EMD_EPD2DXL0_PTE_R30_DPG,Gulf Coast No 2 Diesel Ultra Low Sulfur (0-15 ppm) Retail Prices (Dollars per Gallon),3.436,$/GAL
2025-11-17,R30,PADD 3,EPD2DXL0,No 2 Diesel Low Sulfur (0-15 ppm),PTE,Retail Sales,EMD_EPD2DXL0_PTE_R30_DPG,Gulf Coast No 2 Diesel Ultra Low Sulfur (0-15 ppm) Retail Prices (Dollars per Gallon),3.49,$/GAL
2025-11-24,R30,PADD 3,EPD2DXL0,No 2 Diesel Low Sulfur (0-15 ppm),PTE,Retail Sales,EMD_EPD2DXL0_PTE_R30_DPG,Gulf Coast No 2 Diesel Ultra Low Sulfur (0-15 ppm) Retail Prices (Dollars per Gallon),3.459,$/GAL
2025-12-01,R30,PADD 3,EPD2DXL0,No 2 Diesel Low Sulfur (0-15 ppm),PTE,Retail Sales,EMD_EPD2DXL0_PTE_R30_DPG,Gulf Coast No 2 Diesel Ultra Low Sulfur (0-15 ppm) Retail Prices (Dollars per Gallon),3.415,$/GAL
2025-12-08,R30,PADD 3,EPD2DXL0,No 2 Diesel Low Sulfur (0-15 ppm),PTE,Retail Sales,EMD_EPD2DXL0_PTE_R30_DPG,Gulf Coast No 2 Diesel Ultra Low Sulfur (0-15 ppm) Retail Prices (Dollars per Gallon),3.327,$/GAL
2025-12-15,R30,PADD 3,EPD2DXL0,No 2 Diesel Low Sulfur (0-15 ppm),PTE,Retail Sales,EMD_EPD2DXL0_PTE_R30_DPG,Gulf Coast No 2 Diesel Ultra Low Sulfur (0-15 ppm) Retail Prices (Dollars per Gallon),3.267,$/GAL
2025-12-22,R30,PADD 3,EPD2DXL0,No 2 Diesel Low Sulfur (0-15 ppm),PTE,Retail Sales,EMD_EPD2DXL0_PTE_R30_DPG,Gulf Coast No 2 Diesel Ultra Low Sulfur (0-15 ppm) Retail Prices (Dollars per Gallon),3.214,$/GAL
2025-12-29,R30,PADD 3,EPD2DXL0,No 2 Diesel Low Sulfur (0-15 ppm),PTE,Retail Sales,EMD_EPD2DXL0_PTE_R30_DPG,Gulf Coast No 2 Diesel Ultra Low Sulfur (0-15 ppm) Retail Prices (Dollars per Gallon),3.184,$/GAL
2026-01-05,R30,PADD 3,EPD2DXL0,No 2 Diesel Low Sulfur (0-15 ppm),PTE,Retail Sales,EMD_EPD2DXL0_PTE_R30_DPG,Gulf Coast No 2 Diesel Ultra Low Sulfur (0-15 ppm) Retail Prices (Dollars per Gallon),3.172,$/GAL
2026-01-12,R30,PADD 3,EPD2DXL0,No 2 Diesel Low Sulfur (0-15 ppm),PTE,Retail Sales,EMD_EPD2DXL0_PTE_R30_DPG,Gulf Coast No 2 Diesel Ultra Low Sulfur (0-15 ppm) Retail Prices (Dollars per Gallon),3.16,$/GAL
2026-01-19,R30,PADD 3,EPD2DXL0,No 2 Diesel Low Sulfur (0-15 ppm),PTE,Retail Sales,EMD_EPD2DXL0_PTE_R30_DPG,Gulf Coast No 2 Diesel Ultra Low Sulfur (0-15 ppm) Retail Prices (Dollars per Gallon),3.248,$/GAL
2026-01-26,R30,PADD 3,EPD2DXL0,No 2 Diesel Low Sulfur (0-15 ppm),PTE,Retail Sales,EMD_EPD2DXL0_PTE_R30_DPG,Gulf Coast No 2 Diesel Ultra Low Sulfur (0-15 ppm) Retail Prices (Dollars per Gallon),3.325,$/GAL
2026-02-02,R30,PADD 3,EPD2DXL0,No 2 Diesel Low Sulfur (0-15 ppm),PTE,Retail Sales,EMD_EPD2DXL0_PTE_R30_DPG,Gulf Coast No 2 Diesel Ultra Low Sulfur (0-15 ppm) Retail Prices (Dollars per Gallon),3.379,$/GAL
2026-02-09,R30,PADD 3,EPD2DXL0,No 2 Diesel Low Sulfur (0-15 ppm),PTE,Retail Sales,EMD_EPD2DXL0_PTE_R30_DPG,Gulf Coast No 2 Diesel Ultra Low Sulfur (0-15 ppm) Retail Prices (Dollars per Gallon),3.377,$/GAL
2026-02-16,R30,PADD 3,EPD2DXL0,No 2 Diesel Low Sulfur (0-15 ppm),PTE,Retail Sales,EMD_EPD2DXL0_PTE_R30_DPG,Gulf Coast No 2 Diesel Ultra Low Sulfur (0-15 ppm) Retail Prices (Dollars per Gallon),3.412,$/GAL
2026-02-23,R30,PADD 3,EPD2DXL0,No 2 Diesel Low Sulfur (0-15 ppm),PTE,Retail Sales,EMD_EPD2DXL0_PTE_R30_DPG,Gulf Coast No 2 Diesel Ultra Low Sulfur (0-15 ppm) Retail Prices (Dollars per Gallon),3.489,$/GAL
2026-03-02,R30,PADD 3,EPD2DXL0,No 2 Diesel Low Sulfur (0-15 ppm),PTE,Retail Sales,EMD_EPD2DXL0_PTE_R30_DPG,Gulf Coast No 2 Diesel Ultra Low Sulfur (0-15 ppm) Retail Prices (Dollars per Gallon),3.598,$/GAL
2026-03-09,R30,PADD 3,EPD2DXL0,No 2 Diesel Low Sulfur (0-15 ppm),PTE,Retail Sales,EMD_EPD2DXL0_PTE_R30_DPG,Gulf Coast No 2 Diesel Ultra Low Sulfur (0-15 ppm) Retail Prices (Dollars per Gallon),4.627,$/GAL
2026-03-16,R30,PADD 3,EPD2DXL0,No 2 Diesel Low Sulfur (0-15 ppm),PTE,Retail Sales,EMD_EPD2DXL0_PTE_R30_DPG,Gulf Coast No 2 Diesel Ultra Low Sulfur (0-15 ppm) Retail Prices (Dollars per Gallon),4.835,$/GAL
2024-03-25,R40,PADD 4,EPD2DXL0,No 2 Diesel Low Sulfur (0-15 ppm),PTE,Retail Sales,EMD_EPD2DXL0_PTE_R40_DPG,Rocky Mountain No 2 Diesel Ultra Low Sulfur (0-15 ppm) Retail Prices (Dollars per Gallon),3.986,$/GAL
2024-04-01,R40,PADD 4,EPD2DXL0,No 2 Diesel Low Sulfur (0-15 ppm),PTE,Retail Sales,EMD_EPD2DXL0_PTE_R40_DPG,Rocky Mountain No 2 Diesel Ultra Low Sulfur (0-15 ppm) Retail Prices (Dollars per Gallon),3.949,$/GAL
2024-04-08,R40,PADD 4,EPD2DXL0,No 2 Diesel Low Sulfur (0-15 ppm),PTE,Retail Sales,EMD_EPD2DXL0_PTE_R40_DPG,Rocky Mountain No 2 Diesel Ultra Low Sulfur (0-15 ppm) Retail Prices (Dollars per Gallon),4.008,$/GAL
2024-04-15,R40,PADD 4,EPD2DXL0,No 2 Diesel Low Sulfur (0-15 ppm),PTE,Retail Sales,EMD_EPD2DXL0_PTE_R40_DPG,Rocky Mountain No 2 Diesel Ultra Low Sulfur (0-15 ppm) Retail Prices (Dollars per Gallon),3.956,$/GAL
2024-04-22,R40,PADD 4,EPD2DXL0,No 2 Diesel Low Sulfur (0-15 ppm),PTE,Retail Sales,EMD_EPD2DXL0_PTE_R40_DPG,Rocky Mountain No 2 Diesel Ultra Low Sulfur (0-15 ppm) Retail Prices (Dollars per Gallon),3.883,$/GAL
2024-04-29,R40,PADD 4,EPD2DXL0,No 2 Diesel Low Sulfur (0-15 ppm),PTE,Retail Sales,EMD_EPD2DXL0_PTE_R40_DPG,Rocky Mountain No 2 Diesel Ultra Low Sulfur (0-15 ppm) Retail Prices (Dollars per Gallon),3.787,$/GAL
2024-05-06,R40,PADD 4,EPD2DXL0,No 2 Diesel Low Sulfur (0-15 ppm),PTE,Retail Sales,EMD_EPD2DXL0_PTE_R40_DPG,Rocky Mountain No 2 Diesel Ultra Low Sulfur (0-15 ppm) Retail Prices (Dollars per Gallon),3.785,$/GAL
2024-05-13,R40,PADD 4,EPD2DXL0,No 2 Diesel Low Sulfur (0-15 ppm),PTE,Retail Sales,EMD_EPD2DXL0_PTE_R40_DPG,Rocky Mountain No 2 Diesel Ultra Low Sulfur (0-15 ppm) Retail Prices (Dollars per Gallon),3.791,$/GAL
2024-05-20,R40,PADD 4,EPD2DXL0,No 2 Diesel Low Sulfur (0-15 ppm),PTE,Retail Sales,EMD_EPD2DXL0_PTE_R40_DPG,Rocky Mountain No 2 Diesel Ultra Low Sulfur (0-15 ppm) Retail Prices (Dollars per Gallon),3.746,$/GAL
2024-05-27,R40,PADD 4,EPD2DXL0,No 2 Diesel Low Sulfur (0-15 ppm),PTE,Retail Sales,EMD_EPD2DXL0_PTE_R40_DPG,Rocky Mountain No 2 Diesel Ultra Low Sulfur (0-15 ppm) Retail Prices (Dollars per Gallon),3.706,$/GAL
2024-06-03,R40,PADD 4,EPD2DXL0,No 2 Diesel Low Sulfur (0-15 ppm),PTE,Retail Sales,EMD_EPD2DXL0_PTE_R40_DPG,Rocky Mountain No 2 Diesel Ultra Low Sulfur (0-15 ppm) Retail Prices (Dollars per Gallon),3.685,$/GAL
2024-06-10,R40,PADD 4,EPD2DXL0,No 2 Diesel Low Sulfur (0-15 ppm),PTE,Retail Sales,EMD_EPD2DXL0_PTE_R40_DPG,Rocky Mountain No 2 Diesel Ultra Low Sulfur (0-15 ppm) Retail Prices (Dollars per Gallon),3.643,$/GAL
2024-06-17,R40,PADD 4,EPD2DXL0,No 2 Diesel Low Sulfur (0-15 ppm),PTE,Retail Sales,EMD_EPD2DXL0_PTE_R40_DPG,Rocky Mountain No 2 Diesel Ultra Low Sulfur (0-15 ppm) Retail Prices (Dollars per Gallon),3.682,$/GAL
2024-06-24,R40,PADD 4,EPD2DXL0,No 2 Diesel Low Sulfur (0-15 ppm),PTE,Retail Sales,EMD_EPD2DXL0_PTE_R40_DPG,Rocky Mountain No 2 Diesel Ultra Low Sulfur (0-15 ppm) Retail Prices (Dollars per Gallon),3.71,$/GAL
2024-07-01,R40,PADD 4,EPD2DXL0,No 2 Diesel Low Sulfur (0-15 ppm),PTE,Retail Sales,EMD_EPD2DXL0_PTE_R40_DPG,Rocky Mountain No 2 Diesel Ultra Low Sulfur (0-15 ppm) Retail Prices (Dollars per Gallon),3.745,$/GAL
2024-07-08,R40,PADD 4,EPD2DXL0,No 2 Diesel Low Sulfur (0-15 ppm),PTE,Retail Sales,EMD_EPD2DXL0_PTE_R40_DPG,Rocky Mountain No 2 Diesel Ultra Low Sulfur (0-15 ppm) Retail Prices (Dollars per Gallon),3.79,$/GAL
2024-07-15,R40,PADD 4,EPD2DXL0,No 2 Diesel Low Sulfur (0-15 ppm),PTE,Retail Sales,EMD_EPD2DXL0_PTE_R40_DPG,Rocky Mountain No 2 Diesel Ultra Low Sulfur (0-15 ppm) Retail Prices (Dollars per Gallon),3.75,$/GAL
2024-07-22,R40,PADD 4,EPD2DXL0,No 2 Diesel Low Sulfur (0-15 ppm),PTE,Retail Sales,EMD_EPD2DXL0_PTE_R40_DPG,Rocky Mountain No 2 Diesel Ultra Low Sulfur (0-15 ppm) Retail Prices (Dollars per Gallon),3.731,$/GAL
2024-07-29,R40,PADD 4,EPD2DXL0,No 2 Diesel Low Sulfur (0-15 ppm),PTE,Retail Sales,EMD_EPD2DXL0_PTE_R40_DPG,Rocky Mountain No 2 Diesel Ultra Low Sulfur (0-15 ppm) Retail Prices (Dollars per Gallon),3.718,$/GAL
2024-08-05,R40,PADD 4,EPD2DXL0,No 2 Diesel Low Sulfur (0-15 ppm),PTE,Retail Sales,EMD_EPD2DXL0_PTE_R40_DPG,Rocky Mountain No 2 Diesel Ultra Low Sulfur (0-15 ppm) Retail Prices (Dollars per Gallon),3.702,$/GAL
2024-08-12,R40,PADD 4,EPD2DXL0,No 2 Diesel Low Sulfur (0-15 ppm),PTE,Retail Sales,EMD_EPD2DXL0_PTE_R40_DPG,Rocky Mountain No 2 Diesel Ultra Low Sulfur (0-15 ppm) Retail Prices (Dollars per Gallon),3.697,$/GAL
2024-08-19,R40,PADD 4,EPD2DXL0,No 2 Diesel Low Sulfur (0-15 ppm),PTE,Retail Sales,EMD_EPD2DXL0_PTE_R40_DPG,Rocky Mountain No 2 Diesel Ultra Low Sulfur (0-15 ppm) Retail Prices (Dollars per Gallon),3.65,$/GAL
2024-08-26,R40,PADD 4,EPD2DXL0,No 2 Diesel Low Sulfur (0-15 ppm),PTE,Retail Sales,EMD_EPD2DXL0_PTE_R40_DPG,Rocky Mountain No 2 Diesel Ultra Low Sulfur (0-15 ppm) Retail Prices (Dollars per Gallon),3.608,$/GAL
2024-09-02,R40,PADD 4,EPD2DXL0,No 2 Diesel Low Sulfur (0-15 ppm),PTE,Retail Sales,EMD_EPD2DXL0_PTE_R40_DPG,Rocky Mountain No 2 Diesel Ultra Low Sulfur (0-15 ppm) Retail Prices (Dollars per Gallon),3.59,$/GAL
2024-09-09,R40,PADD 4,EPD2DXL0,No 2 Diesel Low Sulfur (0-15 ppm),PTE,Retail Sales,EMD_EPD2DXL0_PTE_R40_DPG,Rocky Mountain No 2 Diesel Ultra Low Sulfur (0-15 ppm) Retail Prices (Dollars per Gallon),3.567,$/GAL
2024-09-16,R40,PADD 4,EPD2DXL0,No 2 Diesel Low Sulfur (0-15 ppm),PTE,Retail Sales,EMD_EPD2DXL0_PTE_R40_DPG,Rocky Mountain No 2 Diesel Ultra Low Sulfur (0-15 ppm) Retail Prices (Dollars per Gallon),3.588,$/GAL
2024-09-23,R40,PADD 4,EPD2DXL0,No 2 Diesel Low Sulfur (0-15 ppm),PTE,Retail Sales,EMD_EPD2DXL0_PTE_R40_DPG,Rocky Mountain No 2 Diesel Ultra Low Sulfur (0-15 ppm) Retail Prices (Dollars per Gallon),3.608,$/GAL
2024-09-30,R40,PADD 4,EPD2DXL0,No 2 Diesel Low Sulfur (0-15 ppm),PTE,Retail Sales,EMD_EPD2DXL0_PTE_R40_DPG,Rocky Mountain No 2 Diesel Ultra Low Sulfur (0-15 ppm) Retail Prices (Dollars per Gallon),3.612,$/GAL
2024-10-07,R40,PADD 4,EPD2DXL0,No 2 Diesel Low Sulfur (0-15 ppm),PTE,Retail Sales,EMD_EPD2DXL0_PTE_R40_DPG,Rocky Mountain No 2 Diesel Ultra Low Sulfur (0-15 ppm) Retail Prices (Dollars per Gallon),3.62,$/GAL
2024-10-14,R40,PADD 4,EPD2DXL0,No 2 Diesel Low Sulfur (0-15 ppm),PTE,Retail Sales,EMD_EPD2DXL0_PTE_R40_DPG,Rocky Mountain No 2 Diesel Ultra Low Sulfur (0-15 ppm) Retail Prices (Dollars per Gallon),3.635,$/GAL
2024-10-21,R40,PADD 4,EPD2DXL0,No 2 Diesel Low Sulfur (0-15 ppm),PTE,Retail Sales,EMD_EPD2DXL0_PTE_R40_DPG,Rocky Mountain No 2 Diesel Ultra Low Sulfur (0-15 ppm) Retail Prices (Dollars per Gallon),3.636,$/GAL
2024-10-28,R40,PADD 4,EPD2DXL0,No 2 Diesel Low Sulfur (0-15 ppm),PTE,Retail Sales,EMD_EPD2DXL0_PTE_R40_DPG,Rocky Mountain No 2 Diesel Ultra Low Sulfur (0-15 ppm) Retail Prices (Dollars per Gallon),3.655,$/GAL
2024-11-04,R40,PADD 4,EPD2DXL0,No 2 Diesel Low Sulfur (0-15 ppm),PTE,Retail Sales,EMD_EPD2DXL0_PTE_R40_DPG,Rocky Mountain No 2 Diesel Ultra Low Sulfur (0-15 ppm) Retail Prices (Dollars per Gallon),3.583,$/GAL
2024-11-11,R40,PADD 4,EPD2DXL0,No 2 Diesel Low Sulfur (0-15 ppm),PTE,Retail Sales,EMD_EPD2DXL0_PTE_R40_DPG,Rocky Mountain No 2 Diesel Ultra Low Sulfur (0-15 ppm) Retail Prices (Dollars per Gallon),3.525,$/GAL
2024-11-18,R40,PADD 4,EPD2DXL0,No 2 Diesel Low Sulfur (0-15 ppm),PTE,Retail Sales,EMD_EPD2DXL0_PTE_R40_DPG,Rocky Mountain No 2 Diesel Ultra Low Sulfur (0-15 ppm) Retail Prices (Dollars per Gallon),3.458,$/GAL
2024-11-25,R40,PADD 4,EPD2DXL0,No 2 Diesel Low Sulfur (0-15 ppm),PTE,Retail Sales,EMD_EPD2DXL0_PTE_R40_DPG,Rocky Mountain No 2 Diesel Ultra Low Sulfur (0-15 ppm) Retail Prices (Dollars per Gallon),3.45,$/GAL
2024-12-02,R40,PADD 4,EPD2DXL0,No 2 Diesel Low Sulfur (0-15 ppm),PTE,Retail Sales,EMD_EPD2DXL0_PTE_R40_DPG,Rocky Mountain No 2 Diesel Ultra Low Sulfur (0-15 ppm) Retail Prices (Dollars per Gallon),3.431,$/GAL
2024-12-09,R40,PADD 4,EPD2DXL0,No 2 Diesel Low Sulfur (0-15 ppm),PTE,Retail Sales,EMD_EPD2DXL0_PTE_R40_DPG,Rocky Mountain No 2 Diesel Ultra Low Sulfur (0-15 ppm) Retail Prices (Dollars per Gallon),3.329,$/GAL
2024-12-16,R40,PADD 4,EPD2DXL0,No 2 Diesel Low Sulfur (0-15 ppm),PTE,Retail Sales,EMD_EPD2DXL0_PTE_R40_DPG,Rocky Mountain No 2 Diesel Ultra Low Sulfur (0-15 ppm) Retail Prices (Dollars per Gallon),3.357,$/GAL
2024-12-23,R40,PADD 4,EPD2DXL0,No 2 Diesel Low Sulfur (0-15 ppm),PTE,Retail Sales,EMD_EPD2DXL0_PTE_R40_DPG,Rocky Mountain No 2 Diesel Ultra Low Sulfur (0-15 ppm) Retail Prices (Dollars per Gallon),3.328,$/GAL
2024-12-30,R40,PADD 4,EPD2DXL0,No 2 Diesel Low Sulfur (0-15 ppm),PTE,Retail Sales,EMD_EPD2DXL0_PTE_R40_DPG,Rocky Mountain No 2 Diesel Ultra Low Sulfur (0-15 ppm) Retail Prices (Dollars per Gallon),3.37,$/GAL
2025-01-06,R40,PADD 4,EPD2DXL0,No 2 Diesel Low Sulfur (0-15 ppm),PTE,Retail Sales,EMD_EPD2DXL0_PTE_R40_DPG,Rocky Mountain No 2 Diesel Ultra Low Sulfur (0-15 ppm) Retail Prices (Dollars per Gallon),3.43,$/GAL
2025-01-13,R40,PADD 4,EPD2DXL0,No 2 Diesel Low Sulfur (0-15 ppm),PTE,Retail Sales,EMD_EPD2DXL0_PTE_R40_DPG,Rocky Mountain No 2 Diesel Ultra Low Sulfur (0-15 ppm) Retail Prices (Dollars per Gallon),3.399,$/GAL
2025-01-20,R40,PADD 4,EPD2DXL0,No 2 Diesel Low Sulfur (0-15 ppm),PTE,Retail Sales,EMD_EPD2DXL0_PTE_R40_DPG,Rocky Mountain No 2 Diesel Ultra Low Sulfur (0-15 ppm) Retail Prices (Dollars per Gallon),3.485,$/GAL
2025-01-27,R40,PADD 4,EPD2DXL0,No 2 Diesel Low Sulfur (0-15 ppm),PTE,Retail Sales,EMD_EPD2DXL0_PTE_R40_DPG,Rocky Mountain No 2 Diesel Ultra Low Sulfur (0-15 ppm) Retail Prices (Dollars per Gallon),3.431,$/GAL
2025-02-03,R40,PADD 4,EPD2DXL0,No 2 Diesel Low Sulfur (0-15 ppm),PTE,Retail Sales,EMD_EPD2DXL0_PTE_R40_DPG,Rocky Mountain No 2 Diesel Ultra Low Sulfur (0-15 ppm) Retail Prices (Dollars per Gallon),3.471,$/GAL
2025-02-10,R40,PADD 4,EPD2DXL0,No 2 Diesel Low Sulfur (0-15 ppm),PTE,Retail Sales,EMD_EPD2DXL0_PTE_R40_DPG,Rocky Mountain No 2 Diesel Ultra Low Sulfur (0-15 ppm) Retail Prices (Dollars per Gallon),3.528,$/GAL
2025-02-17,R40,PADD 4,EPD2DXL0,No 2 Diesel Low Sulfur (0-15 ppm),PTE,Retail Sales,EMD_EPD2DXL0_PTE_R40_DPG,Rocky Mountain No 2 Diesel Ultra Low Sulfur (0-15 ppm) Retail Prices (Dollars per Gallon),3.51,$/GAL
2025-02-24,R40,PADD 4,EPD2DXL0,No 2 Diesel Low Sulfur (0-15 ppm),PTE,Retail Sales,EMD_EPD2DXL0_PTE_R40_DPG,Rocky Mountain No 2 Diesel Ultra Low Sulfur (0-15 ppm) Retail Prices (Dollars per Gallon),3.495,$/GAL
2025-03-03,R40,PADD 4,EPD2DXL0,No 2 Diesel Low Sulfur (0-15 ppm),PTE,Retail Sales,EMD_EPD2DXL0_PTE_R40_DPG,Rocky Mountain No 2 Diesel Ultra Low Sulfur (0-15 ppm) Retail Prices (Dollars per Gallon),3.478,$/GAL
2025-03-10,R40,PADD 4,EPD2DXL0,No 2 Diesel Low Sulfur (0-15 ppm),PTE,Retail Sales,EMD_EPD2DXL0_PTE_R40_DPG,Rocky Mountain No 2 Diesel Ultra Low Sulfur (0-15 ppm) Retail Prices (Dollars per Gallon),3.414,$/GAL
2025-03-17,R40,PADD 4,EPD2DXL0,No 2 Diesel Low Sulfur (0-15 ppm),PTE,Retail Sales,EMD_EPD2DXL0_PTE_R40_DPG,Rocky Mountain No 2 Diesel Ultra Low Sulfur (0-15 ppm) Retail Prices (Dollars per Gallon),3.376,$/GAL
2025-03-24,R40,PADD 4,EPD2DXL0,No 2 Diesel Low Sulfur (0-15 ppm),PTE,Retail Sales,EMD_EPD2DXL0_PTE_R40_DPG,Rocky Mountain No 2 Diesel Ultra Low Sulfur (0-15 ppm) Retail Prices (Dollars per Gallon),3.415,$/GAL
2025-03-31,R40,PADD 4,EPD2DXL0,No 2 Diesel Low Sulfur (0-15 ppm),PTE,Retail Sales,EMD_EPD2DXL0_PTE_R40_DPG,Rocky Mountain No 2 Diesel Ultra Low Sulfur (0-15 ppm) Retail Prices (Dollars per Gallon),3.472,$/GAL
2025-04-07,R40,PADD 4,EPD2DXL0,No 2 Diesel Low Sulfur (0-15 ppm),PTE,Retail Sales,EMD_EPD2DXL0_PTE_R40_DPG,Rocky Mountain No 2 Diesel Ultra Low Sulfur (0-15 ppm) Retail Prices (Dollars per Gallon),3.499,$/GAL
2025-04-14,R40,PADD 4,EPD2DXL0,No 2 Diesel Low Sulfur (0-15 ppm),PTE,Retail Sales,EMD_EPD2DXL0_PTE_R40_DPG,Rocky Mountain No 2 Diesel Ultra Low Sulfur (0-15 ppm) Retail Prices (Dollars per Gallon),3.48,$/GAL
2025-04-21,R40,PADD 4,EPD2DXL0,No 2 Diesel Low Sulfur (0-15 ppm),PTE,Retail Sales,EMD_EPD2DXL0_PTE_R40_DPG,Rocky Mountain No 2 Diesel Ultra Low Sulfur (0-15 ppm) Retail Prices (Dollars per Gallon),3.477,$/GAL
2025-04-28,R40,PADD 4,EPD2DXL0,No 2 Diesel Low Sulfur (0-15 ppm),PTE,Retail Sales,EMD_EPD2DXL0_PTE_R40_DPG,Rocky Mountain No 2 Diesel Ultra Low Sulfur (0-15 ppm) Retail Prices (Dollars per Gallon),3.47,$/GAL
2025-05-05,R40,PADD 4,EPD2DXL0,No 2 Diesel Low Sulfur (0-15 ppm),PTE,Retail Sales,EMD_EPD2DXL0_PTE_R40_DPG,Rocky Mountain No 2 Diesel Ultra Low Sulfur (0-15 ppm) Retail Prices (Dollars per Gallon),3.46,$/GAL
2025-05-12,R40,PADD 4,EPD2DXL0,No 2 Diesel Low Sulfur (0-15 ppm),PTE,Retail Sales,EMD_EPD2DXL0_PTE_R40_DPG,Rocky Mountain No 2 Diesel Ultra Low Sulfur (0-15 ppm) Retail Prices (Dollars per Gallon),3.463,$/GAL
2025-05-19,R40,PADD 4,EPD2DXL0,No 2 Diesel Low Sulfur (0-15 ppm),PTE,Retail Sales,EMD_EPD2DXL0_PTE_R40_DPG,Rocky Mountain No 2 Diesel Ultra Low Sulfur (0-15 ppm) Retail Prices (Dollars per Gallon),3.512,$/GAL
2025-05-26,R40,PADD 4,EPD2DXL0,No 2 Diesel Low Sulfur (0-15 ppm),PTE,Retail Sales,EMD_EPD2DXL0_PTE_R40_DPG,Rocky Mountain No 2 Diesel Ultra Low Sulfur (0-15 ppm) Retail Prices (Dollars per Gallon),3.445,$/GAL
2025-06-02,R40,PADD 4,EPD2DXL0,No 2 Diesel Low Sulfur (0-15 ppm),PTE,Retail Sales,EMD_EPD2DXL0_PTE_R40_DPG,Rocky Mountain No 2 Diesel Ultra Low Sulfur (0-15 ppm) Retail Prices (Dollars per Gallon),3.453,$/GAL
2025-06-09,R40,PADD 4,EPD2DXL0,No 2 Diesel Low Sulfur (0-15 ppm),PTE,Retail Sales,EMD_EPD2DXL0_PTE_R40_DPG,Rocky Mountain No 2 Diesel Ultra Low Sulfur (0-15 ppm) Retail Prices (Dollars per Gallon),3.481,$/GAL
2025-06-16,R40,PADD 4,EPD2DXL0,No 2 Diesel Low Sulfur (0-15 ppm),PTE,Retail Sales,EMD_EPD2DXL0_PTE_R40_DPG,Rocky Mountain No 2 Diesel Ultra Low Sulfur (0-15 ppm) Retail Prices (Dollars per Gallon),3.548,$/GAL
2025-06-23,R40,PADD 4,EPD2DXL0,No 2 Diesel Low Sulfur (0-15 ppm),PTE,Retail Sales,EMD_EPD2DXL0_PTE_R40_DPG,Rocky Mountain No 2 Diesel Ultra Low Sulfur (0-15 ppm) Retail Prices (Dollars per Gallon),3.689,$/GAL
2025-06-30,R40,PADD 4,EPD2DXL0,No 2 Diesel Low Sulfur (0-15 ppm),PTE,Retail Sales,EMD_EPD2DXL0_PTE_R40_DPG,Rocky Mountain No 2 Diesel Ultra Low Sulfur (0-15 ppm) Retail Prices (Dollars per Gallon),3.659,$/GAL
2025-07-07,R40,PADD 4,EPD2DXL0,No 2 Diesel Low Sulfur (0-15 ppm),PTE,Retail Sales,EMD_EPD2DXL0_PTE_R40_DPG,Rocky Mountain No 2 Diesel Ultra Low Sulfur (0-15 ppm) Retail Prices (Dollars per Gallon),3.666,$/GAL
2025-07-14,R40,PADD 4,EPD2DXL0,No 2 Diesel Low Sulfur (0-15 ppm),PTE,Retail Sales,EMD_EPD2DXL0_PTE_R40_DPG,Rocky Mountain No 2 Diesel Ultra Low Sulfur (0-15 ppm) Retail Prices (Dollars per Gallon),3.713,$/GAL
2025-07-21,R40,PADD 4,EPD2DXL0,No 2 Diesel Low Sulfur (0-15 ppm),PTE,Retail Sales,EMD_EPD2DXL0_PTE_R40_DPG,Rocky Mountain No 2 Diesel Ultra Low Sulfur (0-15 ppm) Retail Prices (Dollars per Gallon),3.77,$/GAL
2025-07-28,R40,PADD 4,EPD2DXL0,No 2 Diesel Low Sulfur (0-15 ppm),PTE,Retail Sales,EMD_EPD2DXL0_PTE_R40_DPG,Rocky Mountain No 2 Diesel Ultra Low Sulfur (0-15 ppm) Retail Prices (Dollars per Gallon),3.781,$/GAL
2025-08-04,R40,PADD 4,EPD2DXL0,No 2 Diesel Low Sulfur (0-15 ppm),PTE,Retail Sales,EMD_EPD2DXL0_PTE_R40_DPG,Rocky Mountain No 2 Diesel Ultra Low Sulfur (0-15 ppm) Retail Prices (Dollars per Gallon),3.793,$/GAL
2025-08-11,R40,PADD 4,EPD2DXL0,No 2 Diesel Low Sulfur (0-15 ppm),PTE,Retail Sales,EMD_EPD2DXL0_PTE_R40_DPG,Rocky Mountain No 2 Diesel Ultra Low Sulfur (0-15 ppm) Retail Prices (Dollars per Gallon),3.776,$/GAL
2025-08-18,R40,PADD 4,EPD2DXL0,No 2 Diesel Low Sulfur (0-15 ppm),PTE,Retail Sales,EMD_EPD2DXL0_PTE_R40_DPG,Rocky Mountain No 2 Diesel Ultra Low Sulfur (0-15 ppm) Retail Prices (Dollars per Gallon),3.757,$/GAL
2025-08-25,R40,PADD 4,EPD2DXL0,No 2 Diesel Low Sulfur (0-15 ppm),PTE,Retail Sales,EMD_EPD2DXL0_PTE_R40_DPG,Rocky Mountain No 2 Diesel Ultra Low Sulfur (0-15 ppm) Retail Prices (Dollars per Gallon),3.748,$/GAL
2025-09-01,R40,PADD 4,EPD2DXL0,No 2 Diesel Low Sulfur (0-15 ppm),PTE,Retail Sales,EMD_EPD2DXL0_PTE_R40_DPG,Rocky Mountain No 2 Diesel Ultra Low Sulfur (0-15 ppm) Retail Prices (Dollars per Gallon),3.753,$/GAL
2025-09-08,R40,PADD 4,EPD2DXL0,No 2 Diesel Low Sulfur (0-15 ppm),PTE,Retail Sales,EMD_EPD2DXL0_PTE_R40_DPG,Rocky Mountain No 2 Diesel Ultra Low Sulfur (0-15 ppm) Retail Prices (Dollars per Gallon),3.754,$/GAL
2025-09-15,R40,PADD 4,EPD2DXL0,No 2 Diesel Low Sulfur (0-15 ppm),PTE,Retail Sales,EMD_EPD2DXL0_PTE_R40_DPG,Rocky Mountain No 2 Diesel Ultra Low Sulfur (0-15 ppm) Retail Prices (Dollars per Gallon),3.722,$/GAL
2025-09-22,R40,PADD 4,EPD2DXL0,No 2 Diesel Low Sulfur (0-15 ppm),PTE,Retail Sales,EMD_EPD2DXL0_PTE_R40_DPG,Rocky Mountain No 2 Diesel Ultra Low Sulfur (0-15 ppm) Retail Prices (Dollars per Gallon),3.747,$/GAL
2025-09-29,R40,PADD 4,EPD2DXL0,No 2 Diesel Low Sulfur (0-15 ppm),PTE,Retail Sales,EMD_EPD2DXL0_PTE_R40_DPG,Rocky Mountain No 2 Diesel Ultra Low Sulfur (0-15 ppm) Retail Prices (Dollars per Gallon),3.732,$/GAL
2025-10-06,R40,PADD 4,EPD2DXL0,No 2 Diesel Low Sulfur (0-15 ppm),PTE,Retail Sales,EMD_EPD2DXL0_PTE_R40_DPG,Rocky Mountain No 2 Diesel Ultra Low Sulfur (0-15 ppm) Retail Prices (Dollars per Gallon),3.671,$/GAL
2025-10-13,R40,PADD 4,EPD2DXL0,No 2 Diesel Low Sulfur (0-15 ppm),PTE,Retail Sales,EMD_EPD2DXL0_PTE_R40_DPG,Rocky Mountain No 2 Diesel Ultra Low Sulfur (0-15 ppm) Retail Prices (Dollars per Gallon),3.658,$/GAL
2025-10-20,R40,PADD 4,EPD2DXL0,No 2 Diesel Low Sulfur (0-15 ppm),PTE,Retail Sales,EMD_EPD2DXL0_PTE_R40_DPG,Rocky Mountain No 2 Diesel Ultra Low Sulfur (0-15 ppm) Retail Prices (Dollars per Gallon),3.585,$/GAL
2025-10-27,R40,PADD 4,EPD2DXL0,No 2 Diesel Low Sulfur (0-15 ppm),PTE,Retail Sales,EMD_EPD2DXL0_PTE_R40_DPG,Rocky Mountain No 2 Diesel Ultra Low Sulfur (0-15 ppm) Retail Prices (Dollars per Gallon),3.686,$/GAL
2025-11-03,R40,PADD 4,EPD2DXL0,No 2 Diesel Low Sulfur (0-15 ppm),PTE,Retail Sales,EMD_EPD2DXL0_PTE_R40_DPG,Rocky Mountain No 2 Diesel Ultra Low Sulfur (0-15 ppm) Retail Prices (Dollars per Gallon),3.676,$/GAL
2025-11-10,R40,PADD 4,EPD2DXL0,No 2 Diesel Low Sulfur (0-15 ppm),PTE,Retail Sales,EMD_EPD2DXL0_PTE_R40_DPG,Rocky Mountain No 2 Diesel Ultra Low Sulfur (0-15 ppm) Retail Prices (Dollars per Gallon),3.803,$/GAL
2025-11-17,R40,PADD 4,EPD2DXL0,No 2 Diesel Low Sulfur (0-15 ppm),PTE,Retail Sales,EMD_EPD2DXL0_PTE_R40_DPG,Rocky Mountain No 2 Diesel Ultra Low Sulfur (0-15 ppm) Retail Prices (Dollars per Gallon),3.813,$/GAL
2025-11-24,R40,PADD 4,EPD2DXL0,No 2 Diesel Low Sulfur (0-15 ppm),PTE,Retail Sales,EMD_EPD2DXL0_PTE_R40_DPG,Rocky Mountain No 2 Diesel Ultra Low Sulfur (0-15 ppm) Retail Prices (Dollars per Gallon),3.723,$/GAL
2025-12-01,R40,PADD 4,EPD2DXL0,No 2 Diesel Low Sulfur (0-15 ppm),PTE,Retail Sales,EMD_EPD2DXL0_PTE_R40_DPG,Rocky Mountain No 2 Diesel Ultra Low Sulfur (0-15 ppm) Retail Prices (Dollars per Gallon),3.665,$/GAL
2025-12-08,R40,PADD 4,EPD2DXL0,No 2 Diesel Low Sulfur (0-15 ppm),PTE,Retail Sales,EMD_EPD2DXL0_PTE_R40_DPG,Rocky Mountain No 2 Diesel Ultra Low Sulfur (0-15 ppm) Retail Prices (Dollars per Gallon),3.498,$/GAL
2025-12-15,R40,PADD 4,EPD2DXL0,No 2 Diesel Low Sulfur (0-15 ppm),PTE,Retail Sales,EMD_EPD2DXL0_PTE_R40_DPG,Rocky Mountain No 2 Diesel Ultra Low Sulfur (0-15 ppm) Retail Prices (Dollars per Gallon),3.385,$/GAL
2025-12-22,R40,PADD 4,EPD2DXL0,No 2 Diesel Low Sulfur (0-15 ppm),PTE,Retail Sales,EMD_EPD2DXL0_PTE_R40_DPG,Rocky Mountain No 2 Diesel Ultra Low Sulfur (0-15 ppm) Retail Prices (Dollars per Gallon),3.304,$/GAL
2025-12-29,R40,PADD 4,EPD2DXL0,No 2 Diesel Low Sulfur (0-15 ppm),PTE,Retail Sales,EMD_EPD2DXL0_PTE_R40_DPG,Rocky Mountain No 2 Diesel Ultra Low Sulfur (0-15 ppm) Retail Prices (Dollars per Gallon),3.233,$/GAL
2026-01-05,R40,PADD 4,EPD2DXL0,No 2 Diesel Low Sulfur (0-15 ppm),PTE,Retail Sales,EMD_EPD2DXL0_PTE_R40_DPG,Rocky Mountain No 2 Diesel Ultra Low Sulfur (0-15 ppm) Retail Prices (Dollars per Gallon),3.222,$/GAL
2026-01-12,R40,PADD 4,EPD2DXL0,No 2 Diesel Low Sulfur (0-15 ppm),PTE,Retail Sales,EMD_EPD2DXL0_PTE_R40_DPG,Rocky Mountain No 2 Diesel Ultra Low Sulfur (0-15 ppm) Retail Prices (Dollars per Gallon),3.185,$/GAL
2026-01-19,R40,PADD 4,EPD2DXL0,No 2 Diesel Low Sulfur (0-15 ppm),PTE,Retail Sales,EMD_EPD2DXL0_PTE_R40_DPG,Rocky Mountain No 2 Diesel Ultra Low Sulfur (0-15 ppm) Retail Prices (Dollars per Gallon),3.246,$/GAL
2026-01-26,R40,PADD 4,EPD2DXL0,No 2 Diesel Low Sulfur (0-15 ppm),PTE,Retail Sales,EMD_EPD2DXL0_PTE_R40_DPG,Rocky Mountain No 2 Diesel Ultra Low Sulfur (0-15 ppm) Retail Prices (Dollars per Gallon),3.367,$/GAL
2026-02-02,R40,PADD 4,EPD2DXL0,No 2 Diesel Low Sulfur (0-15 ppm),PTE,Retail Sales,EMD_EPD2DXL0_PTE_R40_DPG,Rocky Mountain No 2 Diesel Ultra Low Sulfur (0-15 ppm) Retail Prices (Dollars per Gallon),3.419,$/GAL
2026-02-09,R40,PADD 4,EPD2DXL0,No 2 Diesel Low Sulfur (0-15 ppm),PTE,Retail Sales,EMD_EPD2DXL0_PTE_R40_DPG,Rocky Mountain No 2 Diesel Ultra Low Sulfur (0-15 ppm) Retail Prices (Dollars per Gallon),3.539,$/GAL
2026-02-16,R40,PADD 4,EPD2DXL0,No 2 Diesel Low Sulfur (0-15 ppm),PTE,Retail Sales,EMD_EPD2DXL0_PTE_R40_DPG,Rocky Mountain No 2 Diesel Ultra Low Sulfur (0-15 ppm) Retail Prices (Dollars per Gallon),3.607,$/GAL
2026-02-23,R40,PADD 4,EPD2DXL0,No 2 Diesel Low Sulfur (0-15 ppm),PTE,Retail Sales,EMD_EPD2DXL0_PTE_R40_DPG,Rocky Mountain No 2 Diesel Ultra Low Sulfur (0-15 ppm) Retail Prices (Dollars per Gallon),3.683,$/GAL
2026-03-02,R40,PADD 4,EPD2DXL0,No 2 Diesel Low Sulfur (0-15 ppm),PTE,Retail Sales,EMD_EPD2DXL0_PTE_R40_DPG,Rocky Mountain No 2 Diesel Ultra Low Sulfur (0-15 ppm) Retail Prices (Dollars per Gallon),3.737,$/GAL
2026-03-09,R40,PADD 4,EPD2DXL0,No 2 Diesel Low Sulfur (0-15 ppm),PTE,Retail Sales,EMD_EPD2DXL0_PTE_R40_DPG,Rocky Mountain No 2 Diesel Ultra Low Sulfur (0-15 ppm) Retail Prices (Dollars per Gallon),4.397,$/GAL
2026-03-16,R40,PADD 4,EPD2DXL0,No 2 Diesel Low Sulfur (0-15 ppm),PTE,Retail Sales,EMD_EPD2DXL0_PTE_R40_DPG,Rocky Mountain No 2 Diesel Ultra Low Sulfur (0-15 ppm) Retail Prices (Dollars per Gallon),4.796,$/GAL
2024-03-25,R50,PADD 5,EPD2DXL0,No 2 Diesel Low Sulfur (0-15 ppm),PTE,Retail Sales,EMD_EPD2DXL0_PTE_R50_DPG,West Coast No 2 Diesel Ultra Low Sulfur (0-15 ppm) Retail Prices (Dollars per Gallon),4.666,$/GAL
2024-04-01,R50,PADD 5,EPD2DXL0,No 2 Diesel Low Sulfur (0-15 ppm),PTE,Retail Sales,EMD_EPD2DXL0_PTE_R50_DPG,West Coast No 2 Diesel Ultra Low Sulfur (0-15 ppm) Retail Prices (Dollars per Gallon),4.651,$/GAL
2024-04-08,R50,PADD 5,EPD2DXL0,No 2 Diesel Low Sulfur (0-15 ppm),PTE,Retail Sales,EMD_EPD2DXL0_PTE_R50_DPG,West Coast No 2 Diesel Ultra Low Sulfur (0-15 ppm) Retail Prices (Dollars per Gallon),4.723,$/GAL
2024-04-15,R50,PADD 5,EPD2DXL0,No 2 Diesel Low Sulfur (0-15 ppm),PTE,Retail Sales,EMD_EPD2DXL0_PTE_R50_DPG,West Coast No 2 Diesel Ultra Low Sulfur (0-15 ppm) Retail Prices (Dollars per Gallon),4.702,$/GAL
2024-04-22,R50,PADD 5,EPD2DXL0,No 2 Diesel Low Sulfur (0-15 ppm),PTE,Retail Sales,EMD_EPD2DXL0_PTE_R50_DPG,West Coast No 2 Diesel Ultra Low Sulfur (0-15 ppm) Retail Prices (Dollars per Gallon),4.661,$/GAL
2024-04-29,R50,PADD 5,EPD2DXL0,No 2 Diesel Low Sulfur (0-15 ppm),PTE,Retail Sales,EMD_EPD2DXL0_PTE_R50_DPG,West Coast No 2 Diesel Ultra Low Sulfur (0-15 ppm) Retail Prices (Dollars per Gallon),4.625,$/GAL
2024-05-06,R50,PADD 5,EPD2DXL0,No 2 Diesel Low Sulfur (0-15 ppm),PTE,Retail Sales,EMD_EPD2DXL0_PTE_R50_DPG,West Coast No 2 Diesel Ultra Low Sulfur (0-15 ppm) Retail Prices (Dollars per Gallon),4.58,$/GAL
2024-05-13,R50,PADD 5,EPD2DXL0,No 2 Diesel Low Sulfur (0-15 ppm),PTE,Retail Sales,EMD_EPD2DXL0_PTE_R50_DPG,West Coast No 2 Diesel Ultra Low Sulfur (0-15 ppm) Retail Prices (Dollars per Gallon),4.551,$/GAL
2024-05-20,R50,PADD 5,EPD2DXL0,No 2 Diesel Low Sulfur (0-15 ppm),PTE,Retail Sales,EMD_EPD2DXL0_PTE_R50_DPG,West Coast No 2 Diesel Ultra Low Sulfur (0-15 ppm) Retail Prices (Dollars per Gallon),4.495,$/GAL
2024-05-27,R50,PADD 5,EPD2DXL0,No 2 Diesel Low Sulfur (0-15 ppm),PTE,Retail Sales,EMD_EPD2DXL0_PTE_R50_DPG,West Coast No 2 Diesel Ultra Low Sulfur (0-15 ppm) Retail Prices (Dollars per Gallon),4.449,$/GAL
2024-06-03,R50,PADD 5,EPD2DXL0,No 2 Diesel Low Sulfur (0-15 ppm),PTE,Retail Sales,EMD_EPD2DXL0_PTE_R50_DPG,West Coast No 2 Diesel Ultra Low Sulfur (0-15 ppm) Retail Prices (Dollars per Gallon),4.429,$/GAL
2024-06-10,R50,PADD 5,EPD2DXL0,No 2 Diesel Low Sulfur (0-15 ppm),PTE,Retail Sales,EMD_EPD2DXL0_PTE_R50_DPG,West Coast No 2 Diesel Ultra Low Sulfur (0-15 ppm) Retail Prices (Dollars per Gallon),4.377,$/GAL
2024-06-17,R50,PADD 5,EPD2DXL0,No 2 Diesel Low Sulfur (0-15 ppm),PTE,Retail Sales,EMD_EPD2DXL0_PTE_R50_DPG,West Coast No 2 Diesel Ultra Low Sulfur (0-15 ppm) Retail Prices (Dollars per Gallon),4.417,$/GAL
2024-06-24,R50,PADD 5,EPD2DXL0,No 2 Diesel Low Sulfur (0-15 ppm),PTE,Retail Sales,EMD_EPD2DXL0_PTE_R50_DPG,West Coast No 2 Diesel Ultra Low Sulfur (0-15 ppm) Retail Prices (Dollars per Gallon),4.42,$/GAL
2024-07-01,R50,PADD 5,EPD2DXL0,No 2 Diesel Low Sulfur (0-15 ppm),PTE,Retail Sales,EMD_EPD2DXL0_PTE_R50_DPG,West Coast No 2 Diesel Ultra Low Sulfur (0-15 ppm) Retail Prices (Dollars per Gallon),4.447,$/GAL
2024-07-08,R50,PADD 5,EPD2DXL0,No 2 Diesel Low Sulfur (0-15 ppm),PTE,Retail Sales,EMD_EPD2DXL0_PTE_R50_DPG,West Coast No 2 Diesel Ultra Low Sulfur (0-15 ppm) Retail Prices (Dollars per Gallon),4.454,$/GAL
2024-07-15,R50,PADD 5,EPD2DXL0,No 2 Diesel Low Sulfur (0-15 ppm),PTE,Retail Sales,EMD_EPD2DXL0_PTE_R50_DPG,West Coast No 2 Diesel Ultra Low Sulfur (0-15 ppm) Retail Prices (Dollars per Gallon),4.45,$/GAL
2024-07-22,R50,PADD 5,EPD2DXL0,No 2 Diesel Low Sulfur (0-15 ppm),PTE,Retail Sales,EMD_EPD2DXL0_PTE_R50_DPG,West Coast No 2 Diesel Ultra Low Sulfur (0-15 ppm) Retail Prices (Dollars per Gallon),4.394,$/GAL
2024-07-29,R50,PADD 5,EPD2DXL0,No 2 Diesel Low Sulfur (0-15 ppm),PTE,Retail Sales,EMD_EPD2DXL0_PTE_R50_DPG,West Coast No 2 Diesel Ultra Low Sulfur (0-15 ppm) Retail Prices (Dollars per Gallon),4.37,$/GAL
2024-08-05,R50,PADD 5,EPD2DXL0,No 2 Diesel Low Sulfur (0-15 ppm),PTE,Retail Sales,EMD_EPD2DXL0_PTE_R50_DPG,West Coast No 2 Diesel Ultra Low Sulfur (0-15 ppm) Retail Prices (Dollars per Gallon),4.356,$/GAL
2024-08-12,R50,PADD 5,EPD2DXL0,No 2 Diesel Low Sulfur (0-15 ppm),PTE,Retail Sales,EMD_EPD2DXL0_PTE_R50_DPG,West Coast No 2 Diesel Ultra Low Sulfur (0-15 ppm) Retail Prices (Dollars per Gallon),4.309,$/GAL
2024-08-19,R50,PADD 5,EPD2DXL0,No 2 Diesel Low Sulfur (0-15 ppm),PTE,Retail Sales,EMD_EPD2DXL0_PTE_R50_DPG,West Coast No 2 Diesel Ultra Low Sulfur (0-15 ppm) Retail Prices (Dollars per Gallon),4.294,$/GAL
2024-08-26,R50,PADD 5,EPD2DXL0,No 2 Diesel Low Sulfur (0-15 ppm),PTE,Retail Sales,EMD_EPD2DXL0_PTE_R50_DPG,West Coast No 2 Diesel Ultra Low Sulfur (0-15 ppm) Retail Prices (Dollars per Gallon),4.272,$/GAL
2024-09-02,R50,PADD 5,EPD2DXL0,No 2 Diesel Low Sulfur (0-15 ppm),PTE,Retail Sales,EMD_EPD2DXL0_PTE_R50_DPG,West Coast No 2 Diesel Ultra Low Sulfur (0-15 ppm) Retail Prices (Dollars per Gallon),4.293,$/GAL
2024-09-09,R50,PADD 5,EPD2DXL0,No 2 Diesel Low Sulfur (0-15 ppm),PTE,Retail Sales,EMD_EPD2DXL0_PTE_R50_DPG,West Coast No 2 Diesel Ultra Low Sulfur (0-15 ppm) Retail Prices (Dollars per Gallon),4.257,$/GAL
2024-09-16,R50,PADD 5,EPD2DXL0,No 2 Diesel Low Sulfur (0-15 ppm),PTE,Retail Sales,EMD_EPD2DXL0_PTE_R50_DPG,West Coast No 2 Diesel Ultra Low Sulfur (0-15 ppm) Retail Prices (Dollars per Gallon),4.244,$/GAL
2024-09-23,R50,PADD 5,EPD2DXL0,No 2 Diesel Low Sulfur (0-15 ppm),PTE,Retail Sales,EMD_EPD2DXL0_PTE_R50_DPG,West Coast No 2 Diesel Ultra Low Sulfur (0-15 ppm) Retail Prices (Dollars per Gallon),4.239,$/GAL
2024-09-30,R50,PADD 5,EPD2DXL0,No 2 Diesel Low Sulfur (0-15 ppm),PTE,Retail Sales,EMD_EPD2DXL0_PTE_R50_DPG,West Coast No 2 Diesel Ultra Low Sulfur (0-15 ppm) Retail Prices (Dollars per Gallon),4.226,$/GAL
2024-10-07,R50,PADD 5,EPD2DXL0,No 2 Diesel Low Sulfur (0-15 ppm),PTE,Retail Sales,EMD_EPD2DXL0_PTE_R50_DPG,West Coast No 2 Diesel Ultra Low Sulfur (0-15 ppm) Retail Prices (Dollars per Gallon),4.261,$/GAL
2024-10-14,R50,PADD 5,EPD2DXL0,No 2 Diesel Low Sulfur (0-15 ppm),PTE,Retail Sales,EMD_EPD2DXL0_PTE_R50_DPG,West Coast No 2 Diesel Ultra Low Sulfur (0-15 ppm) Retail Prices (Dollars per Gallon),4.274,$/GAL
2024-10-21,R50,PADD 5,EPD2DXL0,No 2 Diesel Low Sulfur (0-15 ppm),PTE,Retail Sales,EMD_EPD2DXL0_PTE_R50_DPG,West Coast No 2 Diesel Ultra Low Sulfur (0-15 ppm) Retail Prices (Dollars per Gallon),4.21,$/GAL
2024-10-28,R50,PADD 5,EPD2DXL0,No 2 Diesel Low Sulfur (0-15 ppm),PTE,Retail Sales,EMD_EPD2DXL0_PTE_R50_DPG,West Coast No 2 Diesel Ultra Low Sulfur (0-15 ppm) Retail Prices (Dollars per Gallon),4.206,$/GAL
2024-11-04,R50,PADD 5,EPD2DXL0,No 2 Diesel Low Sulfur (0-15 ppm),PTE,Retail Sales,EMD_EPD2DXL0_PTE_R50_DPG,West Coast No 2 Diesel Ultra Low Sulfur (0-15 ppm) Retail Prices (Dollars per Gallon),4.19,$/GAL
2024-11-11,R50,PADD 5,EPD2DXL0,No 2 Diesel Low Sulfur (0-15 ppm),PTE,Retail Sales,EMD_EPD2DXL0_PTE_R50_DPG,West Coast No 2 Diesel Ultra Low Sulfur (0-15 ppm) Retail Prices (Dollars per Gallon),4.18,$/GAL
2024-11-18,R50,PADD 5,EPD2DXL0,No 2 Diesel Low Sulfur (0-15 ppm),PTE,Retail Sales,EMD_EPD2DXL0_PTE_R50_DPG,West Coast No 2 Diesel Ultra Low Sulfur (0-15 ppm) Retail Prices (Dollars per Gallon),4.149,$/GAL
2024-11-25,R50,PADD 5,EPD2DXL0,No 2 Diesel Low Sulfur (0-15 ppm),PTE,Retail Sales,EMD_EPD2DXL0_PTE_R50_DPG,West Coast No 2 Diesel Ultra Low Sulfur (0-15 ppm) Retail Prices (Dollars per Gallon),4.177,$/GAL
2024-12-02,R50,PADD 5,EPD2DXL0,No 2 Diesel Low Sulfur (0-15 ppm),PTE,Retail Sales,EMD_EPD2DXL0_PTE_R50_DPG,West Coast No 2 Diesel Ultra Low Sulfur (0-15 ppm) Retail Prices (Dollars per Gallon),4.164,$/GAL
2024-12-09,R50,PADD 5,EPD2DXL0,No 2 Diesel Low Sulfur (0-15 ppm),PTE,Retail Sales,EMD_EPD2DXL0_PTE_R50_DPG,West Coast No 2 Diesel Ultra Low Sulfur (0-15 ppm) Retail Prices (Dollars per Gallon),4.119,$/GAL
2024-12-16,R50,PADD 5,EPD2DXL0,No 2 Diesel Low Sulfur (0-15 ppm),PTE,Retail Sales,EMD_EPD2DXL0_PTE_R50_DPG,West Coast No 2 Diesel Ultra Low Sulfur (0-15 ppm) Retail Prices (Dollars per Gallon),4.13,$/GAL
2024-12-23,R50,PADD 5,EPD2DXL0,No 2 Diesel Low Sulfur (0-15 ppm),PTE,Retail Sales,EMD_EPD2DXL0_PTE_R50_DPG,West Coast No 2 Diesel Ultra Low Sulfur (0-15 ppm) Retail Prices (Dollars per Gallon),4.079,$/GAL
2024-12-30,R50,PADD 5,EPD2DXL0,No 2 Diesel Low Sulfur (0-15 ppm),PTE,Retail Sales,EMD_EPD2DXL0_PTE_R50_DPG,West Coast No 2 Diesel Ultra Low Sulfur (0-15 ppm) Retail Prices (Dollars per Gallon),4.11,$/GAL
2025-01-06,R50,PADD 5,EPD2DXL0,No 2 Diesel Low Sulfur (0-15 ppm),PTE,Retail Sales,EMD_EPD2DXL0_PTE_R50_DPG,West Coast No 2 Diesel Ultra Low Sulfur (0-15 ppm) Retail Prices (Dollars per Gallon),4.147,$/GAL
2025-01-13,R50,PADD 5,EPD2DXL0,No 2 Diesel Low Sulfur (0-15 ppm),PTE,Retail Sales,EMD_EPD2DXL0_PTE_R50_DPG,West Coast No 2 Diesel Ultra Low Sulfur (0-15 ppm) Retail Prices (Dollars per Gallon),4.213,$/GAL
2025-01-20,R50,PADD 5,EPD2DXL0,No 2 Diesel Low Sulfur (0-15 ppm),PTE,Retail Sales,EMD_EPD2DXL0_PTE_R50_DPG,West Coast No 2 Diesel Ultra Low Sulfur (0-15 ppm) Retail Prices (Dollars per Gallon),4.302,$/GAL
2025-01-27,R50,PADD 5,EPD2DXL0,No 2 Diesel Low Sulfur (0-15 ppm),PTE,Retail Sales,EMD_EPD2DXL0_PTE_R50_DPG,West Coast No 2 Diesel Ultra Low Sulfur (0-15 ppm) Retail Prices (Dollars per Gallon),4.274,$/GAL
2025-02-03,R50,PADD 5,EPD2DXL0,No 2 Diesel Low Sulfur (0-15 ppm),PTE,Retail Sales,EMD_EPD2DXL0_PTE_R50_DPG,West Coast No 2 Diesel Ultra Low Sulfur (0-15 ppm) Retail Prices (Dollars per Gallon),4.289,$/GAL
2025-02-10,R50,PADD 5,EPD2DXL0,No 2 Diesel Low Sulfur (0-15 ppm),PTE,Retail Sales,EMD_EPD2DXL0_PTE_R50_DPG,West Coast No 2 Diesel Ultra Low Sulfur (0-15 ppm) Retail Prices (Dollars per Gallon),4.307,$/GAL
2025-02-17,R50,PADD 5,EPD2DXL0,No 2 Diesel Low Sulfur (0-15 ppm),PTE,Retail Sales,EMD_EPD2DXL0_PTE_R50_DPG,West Coast No 2 Diesel Ultra Low Sulfur (0-15 ppm) Retail Prices (Dollars per Gallon),4.316,$/GAL
2025-02-24,R50,PADD 5,EPD2DXL0,No 2 Diesel Low Sulfur (0-15 ppm),PTE,Retail Sales,EMD_EPD2DXL0_PTE_R50_DPG,West Coast No 2 Diesel Ultra Low Sulfur (0-15 ppm) Retail Prices (Dollars per Gallon),4.358,$/GAL
2025-03-03,R50,PADD 5,EPD2DXL0,No 2 Diesel Low Sulfur (0-15 ppm),PTE,Retail Sales,EMD_EPD2DXL0_PTE_R50_DPG,West Coast No 2 Diesel Ultra Low Sulfur (0-15 ppm) Retail Prices (Dollars per Gallon),4.303,$/GAL
2025-03-10,R50,PADD 5,EPD2DXL0,No 2 Diesel Low Sulfur (0-15 ppm),PTE,Retail Sales,EMD_EPD2DXL0_PTE_R50_DPG,West Coast No 2 Diesel Ultra Low Sulfur (0-15 ppm) Retail Prices (Dollars per Gallon),4.25,$/GAL
2025-03-17,R50,PADD 5,EPD2DXL0,No 2 Diesel Low Sulfur (0-15 ppm),PTE,Retail Sales,EMD_EPD2DXL0_PTE_R50_DPG,West Coast No 2 Diesel Ultra Low Sulfur (0-15 ppm) Retail Prices (Dollars per Gallon),4.203,$/GAL
2025-03-24,R50,PADD 5,EPD2DXL0,No 2 Diesel Low Sulfur (0-15 ppm),PTE,Retail Sales,EMD_EPD2DXL0_PTE_R50_DPG,West Coast No 2 Diesel Ultra Low Sulfur (0-15 ppm) Retail Prices (Dollars per Gallon),4.229,$/GAL
2025-03-31,R50,PADD 5,EPD2DXL0,No 2 Diesel Low Sulfur (0-15 ppm),PTE,Retail Sales,EMD_EPD2DXL0_PTE_R50_DPG,West Coast No 2 Diesel Ultra Low Sulfur (0-15 ppm) Retail Prices (Dollars per Gallon),4.259,$/GAL
2025-04-07,R50,PADD 5,EPD2DXL0,No 2 Diesel Low Sulfur (0-15 ppm),PTE,Retail Sales,EMD_EPD2DXL0_PTE_R50_DPG,West Coast No 2 Diesel Ultra Low Sulfur (0-15 ppm) Retail Prices (Dollars per Gallon),4.318,$/GAL
2025-04-14,R50,PADD 5,EPD2DXL0,No 2 Diesel Low Sulfur (0-15 ppm),PTE,Retail Sales,EMD_EPD2DXL0_PTE_R50_DPG,West Coast No 2 Diesel Ultra Low Sulfur (0-15 ppm) Retail Prices (Dollars per Gallon),4.281,$/GAL
2025-04-21,R50,PADD 5,EPD2DXL0,No 2 Diesel Low Sulfur (0-15 ppm),PTE,Retail Sales,EMD_EPD2DXL0_PTE_R50_DPG,West Coast No 2 Diesel Ultra Low Sulfur (0-15 ppm) Retail Prices (Dollars per Gallon),4.25,$/GAL
2025-04-28,R50,PADD 5,EPD2DXL0,No 2 Diesel Low Sulfur (0-15 ppm),PTE,Retail Sales,EMD_EPD2DXL0_PTE_R50_DPG,West Coast No 2 Diesel Ultra Low Sulfur (0-15 ppm) Retail Prices (Dollars per Gallon),4.224,$/GAL
2025-05-05,R50,PADD 5,EPD2DXL0,No 2 Diesel Low Sulfur (0-15 ppm),PTE,Retail Sales,EMD_EPD2DXL0_PTE_R50_DPG,West Coast No 2 Diesel Ultra Low Sulfur (0-15 ppm) Retail Prices (Dollars per Gallon),4.204,$/GAL
2025-05-12,R50,PADD 5,EPD2DXL0,No 2 Diesel Low Sulfur (0-15 ppm),PTE,Retail Sales,EMD_EPD2DXL0_PTE_R50_DPG,West Coast No 2 Diesel Ultra Low Sulfur (0-15 ppm) Retail Prices (Dollars per Gallon),4.211,$/GAL
2025-05-19,R50,PADD 5,EPD2DXL0,No 2 Diesel Low Sulfur (0-15 ppm),PTE,Retail Sales,EMD_EPD2DXL0_PTE_R50_DPG,West Coast No 2 Diesel Ultra Low Sulfur (0-15 ppm) Retail Prices (Dollars per Gallon),4.296,$/GAL
2025-05-26,R50,PADD 5,EPD2DXL0,No 2 Diesel Low Sulfur (0-15 ppm),PTE,Retail Sales,EMD_EPD2DXL0_PTE_R50_DPG,West Coast No 2 Diesel Ultra Low Sulfur (0-15 ppm) Retail Prices (Dollars per Gallon),4.248,$/GAL
2025-06-02,R50,PADD 5,EPD2DXL0,No 2 Diesel Low Sulfur (0-15 ppm),PTE,Retail Sales,EMD_EPD2DXL0_PTE_R50_DPG,West Coast No 2 Diesel Ultra Low Sulfur (0-15 ppm) Retail Prices (Dollars per Gallon),4.221,$/GAL
2025-06-09,R50,PADD 5,EPD2DXL0,No 2 Diesel Low Sulfur (0-15 ppm),PTE,Retail Sales,EMD_EPD2DXL0_PTE_R50_DPG,West Coast No 2 Diesel Ultra Low Sulfur (0-15 ppm) Retail Prices (Dollars per Gallon),4.217,$/GAL
2025-06-16,R50,PADD 5,EPD2DXL0,No 2 Diesel Low Sulfur (0-15 ppm),PTE,Retail Sales,EMD_EPD2DXL0_PTE_R50_DPG,West Coast No 2 Diesel Ultra Low Sulfur (0-15 ppm) Retail Prices (Dollars per Gallon),4.31,$/GAL
2025-06-23,R50,PADD 5,EPD2DXL0,No 2 Diesel Low Sulfur (0-15 ppm),PTE,Retail Sales,EMD_EPD2DXL0_PTE_R50_DPG,West Coast No 2 Diesel Ultra Low Sulfur (0-15 ppm) Retail Prices (Dollars per Gallon),4.458,$/GAL
2025-06-30,R50,PADD 5,EPD2DXL0,No 2 Diesel Low Sulfur (0-15 ppm),PTE,Retail Sales,EMD_EPD2DXL0_PTE_R50_DPG,West Coast No 2 Diesel Ultra Low Sulfur (0-15 ppm) Retail Prices (Dollars per Gallon),4.421,$/GAL
2025-07-07,R50,PADD 5,EPD2DXL0,No 2 Diesel Low Sulfur (0-15 ppm),PTE,Retail Sales,EMD_EPD2DXL0_PTE_R50_DPG,West Coast No 2 Diesel Ultra Low Sulfur (0-15 ppm) Retail Prices (Dollars per Gallon),4.462,$/GAL
2025-07-14,R50,PADD 5,EPD2DXL0,No 2 Diesel Low Sulfur (0-15 ppm),PTE,Retail Sales,EMD_EPD2DXL0_PTE_R50_DPG,West Coast No 2 Diesel Ultra Low Sulfur (0-15 ppm) Retail Prices (Dollars per Gallon),4.498,$/GAL
2025-07-21,R50,PADD 5,EPD2DXL0,No 2 Diesel Low Sulfur (0-15 ppm),PTE,Retail Sales,EMD_EPD2DXL0_PTE_R50_DPG,West Coast No 2 Diesel Ultra Low Sulfur (0-15 ppm) Retail Prices (Dollars per Gallon),4.542,$/GAL
2025-07-28,R50,PADD 5,EPD2DXL0,No 2 Diesel Low Sulfur (0-15 ppm),PTE,Retail Sales,EMD_EPD2DXL0_PTE_R50_DPG,West Coast No 2 Diesel Ultra Low Sulfur (0-15 ppm) Retail Prices (Dollars per Gallon),4.546,$/GAL
2025-08-04,R50,PADD 5,EPD2DXL0,No 2 Diesel Low Sulfur (0-15 ppm),PTE,Retail Sales,EMD_EPD2DXL0_PTE_R50_DPG,West Coast No 2 Diesel Ultra Low Sulfur (0-15 ppm) Retail Prices (Dollars per Gallon),4.54,$/GAL
2025-08-11,R50,PADD 5,EPD2DXL0,No 2 Diesel Low Sulfur (0-15 ppm),PTE,Retail Sales,EMD_EPD2DXL0_PTE_R50_DPG,West Coast No 2 Diesel Ultra Low Sulfur (0-15 ppm) Retail Prices (Dollars per Gallon),4.492,$/GAL
2025-08-18,R50,PADD 5,EPD2DXL0,No 2 Diesel Low Sulfur (0-15 ppm),PTE,Retail Sales,EMD_EPD2DXL0_PTE_R50_DPG,West Coast No 2 Diesel Ultra Low Sulfur (0-15 ppm) Retail Prices (Dollars per Gallon),4.455,$/GAL
2025-08-25,R50,PADD 5,EPD2DXL0,No 2 Diesel Low Sulfur (0-15 ppm),PTE,Retail Sales,EMD_EPD2DXL0_PTE_R50_DPG,West Coast No 2 Diesel Ultra Low Sulfur (0-15 ppm) Retail Prices (Dollars per Gallon),4.461,$/GAL
2025-09-01,R50,PADD 5,EPD2DXL0,No 2 Diesel Low Sulfur (0-15 ppm),PTE,Retail Sales,EMD_EPD2DXL0_PTE_R50_DPG,West Coast No 2 Diesel Ultra Low Sulfur (0-15 ppm) Retail Prices (Dollars per Gallon),4.484,$/GAL
2025-09-08,R50,PADD 5,EPD2DXL0,No 2 Diesel Low Sulfur (0-15 ppm),PTE,Retail Sales,EMD_EPD2DXL0_PTE_R50_DPG,West Coast No 2 Diesel Ultra Low Sulfur (0-15 ppm) Retail Prices (Dollars per Gallon),4.533,$/GAL
2025-09-15,R50,PADD 5,EPD2DXL0,No 2 Diesel Low Sulfur (0-15 ppm),PTE,Retail Sales,EMD_EPD2DXL0_PTE_R50_DPG,West Coast No 2 Diesel Ultra Low Sulfur (0-15 ppm) Retail Prices (Dollars per Gallon),4.523,$/GAL
2025-09-22,R50,PADD 5,EPD2DXL0,No 2 Diesel Low Sulfur (0-15 ppm),PTE,Retail Sales,EMD_EPD2DXL0_PTE_R50_DPG,West Coast No 2 Diesel Ultra Low Sulfur (0-15 ppm) Retail Prices (Dollars per Gallon),4.524,$/GAL
2025-09-29,R50,PADD 5,EPD2DXL0,No 2 Diesel Low Sulfur (0-15 ppm),PTE,Retail Sales,EMD_EPD2DXL0_PTE_R50_DPG,West Coast No 2 Diesel Ultra Low Sulfur (0-15 ppm) Retail Prices (Dollars per Gallon),4.532,$/GAL
2025-10-06,R50,PADD 5,EPD2DXL0,No 2 Diesel Low Sulfur (0-15 ppm),PTE,Retail Sales,EMD_EPD2DXL0_PTE_R50_DPG,West Coast No 2 Diesel Ultra Low Sulfur (0-15 ppm) Retail Prices (Dollars per Gallon),4.499,$/GAL
2025-10-13,R50,PADD 5,EPD2DXL0,No 2 Diesel Low Sulfur (0-15 ppm),PTE,Retail Sales,EMD_EPD2DXL0_PTE_R50_DPG,West Coast No 2 Diesel Ultra Low Sulfur (0-15 ppm) Retail Prices (Dollars per Gallon),4.464,$/GAL
2025-10-20,R50,PADD 5,EPD2DXL0,No 2 Diesel Low Sulfur (0-15 ppm),PTE,Retail Sales,EMD_EPD2DXL0_PTE_R50_DPG,West Coast No 2 Diesel Ultra Low Sulfur (0-15 ppm) Retail Prices (Dollars per Gallon),4.421,$/GAL
2025-10-27,R50,PADD 5,EPD2DXL0,No 2 Diesel Low Sulfur (0-15 ppm),PTE,Retail Sales,EMD_EPD2DXL0_PTE_R50_DPG,West Coast No 2 Diesel Ultra Low Sulfur (0-15 ppm) Retail Prices (Dollars per Gallon),4.485,$/GAL
2025-11-03,R50,PADD 5,EPD2DXL0,No 2 Diesel Low Sulfur (0-15 ppm),PTE,Retail Sales,EMD_EPD2DXL0_PTE_R50_DPG,West Coast No 2 Diesel Ultra Low Sulfur (0-15 ppm) Retail Prices (Dollars per Gallon),4.499,$/GAL
2025-11-10,R50,PADD 5,EPD2DXL0,No 2 Diesel Low Sulfur (0-15 ppm),PTE,Retail Sales,EMD_EPD2DXL0_PTE_R50_DPG,West Coast No 2 Diesel Ultra Low Sulfur (0-15 ppm) Retail Prices (Dollars per Gallon),4.545,$/GAL
2025-11-17,R50,PADD 5,EPD2DXL0,No 2 Diesel Low Sulfur (0-15 ppm),PTE,Retail Sales,EMD_EPD2DXL0_PTE_R50_DPG,West Coast No 2 Diesel Ultra Low Sulfur (0-15 ppm) Retail Prices (Dollars per Gallon),4.559,$/GAL
2025-11-24,R50,PADD 5,EPD2DXL0,No 2 Diesel Low Sulfur (0-15 ppm),PTE,Retail Sales,EMD_EPD2DXL0_PTE_R50_DPG,West Coast No 2 Diesel Ultra Low Sulfur (0-15 ppm) Retail Prices (Dollars per Gallon),4.514,$/GAL
2025-12-01,R50,PADD 5,EPD2DXL0,No 2 Diesel Low Sulfur (0-15 ppm),PTE,Retail Sales,EMD_EPD2DXL0_PTE_R50_DPG,West Coast No 2 Diesel Ultra Low Sulfur (0-15 ppm) Retail Prices (Dollars per Gallon),4.441,$/GAL
2025-12-08,R50,PADD 5,EPD2DXL0,No 2 Diesel Low Sulfur (0-15 ppm),PTE,Retail Sales,EMD_EPD2DXL0_PTE_R50_DPG,West Coast No 2 Diesel Ultra Low Sulfur (0-15 ppm) Retail Prices (Dollars per Gallon),4.37,$/GAL
2025-12-15,R50,PADD 5,EPD2DXL0,No 2 Diesel Low Sulfur (0-15 ppm),PTE,Retail Sales,EMD_EPD2DXL0_PTE_R50_DPG,West Coast No 2 Diesel Ultra Low Sulfur (0-15 ppm) Retail Prices (Dollars per Gallon),4.294,$/GAL
2025-12-22,R50,PADD 5,EPD2DXL0,No 2 Diesel Low Sulfur (0-15 ppm),PTE,Retail Sales,EMD_EPD2DXL0_PTE_R50_DPG,West Coast No 2 Diesel Ultra Low Sulfur (0-15 ppm) Retail Prices (Dollars per Gallon),4.205,$/GAL
2025-12-29,R50,PADD 5,EPD2DXL0,No 2 Diesel Low Sulfur (0-15 ppm),PTE,Retail Sales,EMD_EPD2DXL0_PTE_R50_DPG,West Coast No 2 Diesel Ultra Low Sulfur (0-15 ppm) Retail Prices (Dollars per Gallon),4.156,$/GAL
2026-01-05,R50,PADD 5,EPD2DXL0,No 2 Diesel Low Sulfur (0-15 ppm),PTE,Retail Sales,EMD_EPD2DXL0_PTE_R50_DPG,West Coast No 2 Diesel Ultra Low Sulfur (0-15 ppm) Retail Prices (Dollars per Gallon),4.128,$/GAL
2026-01-12,R50,PADD 5,EPD2DXL0,No 2 Diesel Low Sulfur (0-15 ppm),PTE,Retail Sales,EMD_EPD2DXL0_PTE_R50_DPG,West Coast No 2 Diesel Ultra Low Sulfur (0-15 ppm) Retail Prices (Dollars per Gallon),4.11,$/GAL
2026-01-19,R50,PADD 5,EPD2DXL0,No 2 Diesel Low Sulfur (0-15 ppm),PTE,Retail Sales,EMD_EPD2DXL0_PTE_R50_DPG,West Coast No 2 Diesel Ultra Low Sulfur (0-15 ppm) Retail Prices (Dollars per Gallon),4.189,$/GAL
2026-01-26,R50,PADD 5,EPD2DXL0,No 2 Diesel Low Sulfur (0-15 ppm),PTE,Retail Sales,EMD_EPD2DXL0_PTE_R50_DPG,West Coast No 2 Diesel Ultra Low Sulfur (0-15 ppm) Retail Prices (Dollars per Gallon),4.301,$/GAL
2026-02-02,R50,PADD 5,EPD2DXL0,No 2 Diesel Low Sulfur (0-15 ppm),PTE,Retail Sales,EMD_EPD2DXL0_PTE_R50_DPG,West Coast No 2 Diesel Ultra Low Sulfur (0-15 ppm) Retail Prices (Dollars per Gallon),4.377,$/GAL
2026-02-09,R50,PADD 5,EPD2DXL0,No 2 Diesel Low Sulfur (0-15 ppm),PTE,Retail Sales,EMD_EPD2DXL0_PTE_R50_DPG,West Coast No 2 Diesel Ultra Low Sulfur (0-15 ppm) Retail Prices (Dollars per Gallon),4.376,$/GAL
2026-02-16,R50,PADD 5,EPD2DXL0,No 2 Diesel Low Sulfur (0-15 ppm),PTE,Retail Sales,EMD_EPD2DXL0_PTE_R50_DPG,West Coast No 2 Diesel Ultra Low Sulfur (0-15 ppm) Retail Prices (Dollars per Gallon),4.383,$/GAL
2026-02-23,R50,PADD 5,EPD2DXL0,No 2 Diesel Low Sulfur (0-15 ppm),PTE,Retail Sales,EMD_EPD2DXL0_PTE_R50_DPG,West Coast No 2 Diesel Ultra Low Sulfur (0-15 ppm) Retail Prices (Dollars per Gallon),4.465,$/GAL
2026-03-02,R50,PADD 5,EPD2DXL0,No 2 Diesel Low Sulfur (0-15 ppm),PTE,Retail Sales,EMD_EPD2DXL0_PTE_R50_DPG,West Coast No 2 Diesel Ultra Low Sulfur (0-15 ppm) Retail Prices (Dollars per Gallon),4.534,$/GAL
2026-03-09,R50,PADD 5,EPD2DXL0,No 2 Diesel Low Sulfur (0-15 ppm),PTE,Retail Sales,EMD_EPD2DXL0_PTE_R50_DPG,West Coast No 2 Diesel Ultra Low Sulfur (0-15 ppm) Retail Prices (Dollars per Gallon),5.556,$/GAL
2026-03-16,R50,PADD 5,EPD2DXL0,No 2 Diesel Low Sulfur (0-15 ppm),PTE,Retail Sales,EMD_EPD2DXL0_PTE_R50_DPG,West Coast No 2 Diesel Ultra Low Sulfur (0-15 ppm) Retail Prices (Dollars per Gallon),5.856,$/GAL
2024-03-25,R5XCA,PADD 5 EXCEPT CALIFORNIA,EPD2DXL0,No 2 Diesel Low Sulfur (0-15 ppm),PTE,Retail Sales,EMD_EPD2DXL0_PTE_R5XCA_DPG,West Coast (PADD 5) Except California No 2 Diesel Ultra Low Sulfur (0-15 ppm) Retail Prices (Dollars per Gallon),4.173,$/GAL
2024-04-01,R5XCA,PADD 5 EXCEPT CALIFORNIA,EPD2DXL0,No 2 Diesel Low Sulfur (0-15 ppm),PTE,Retail Sales,EMD_EPD2DXL0_PTE_R5XCA_DPG,West Coast (PADD 5) Except California No 2 Diesel Ultra Low Sulfur (0-15 ppm) Retail Prices (Dollars per Gallon),4.147,$/GAL
2024-04-08,R5XCA,PADD 5 EXCEPT CALIFORNIA,EPD2DXL0,No 2 Diesel Low Sulfur (0-15 ppm),PTE,Retail Sales,EMD_EPD2DXL0_PTE_R5XCA_DPG,West Coast (PADD 5) Except California No 2 Diesel Ultra Low Sulfur (0-15 ppm) Retail Prices (Dollars per Gallon),4.257,$/GAL
2024-04-15,R5XCA,PADD 5 EXCEPT CALIFORNIA,EPD2DXL0,No 2 Diesel Low Sulfur (0-15 ppm),PTE,Retail Sales,EMD_EPD2DXL0_PTE_R5XCA_DPG,West Coast (PADD 5) Except California No 2 Diesel Ultra Low Sulfur (0-15 ppm) Retail Prices (Dollars per Gallon),4.218,$/GAL
2024-04-22,R5XCA,PADD 5 EXCEPT CALIFORNIA,EPD2DXL0,No 2 Diesel Low Sulfur (0-15 ppm),PTE,Retail Sales,EMD_EPD2DXL0_PTE_R5XCA_DPG,West Coast (PADD 5) Except California No 2 Diesel Ultra Low Sulfur (0-15 ppm) Retail Prices (Dollars per Gallon),4.154,$/GAL
2024-04-29,R5XCA,PADD 5 EXCEPT CALIFORNIA,EPD2DXL0,No 2 Diesel Low Sulfur (0-15 ppm),PTE,Retail Sales,EMD_EPD2DXL0_PTE_R5XCA_DPG,West Coast (PADD 5) Except California No 2 Diesel Ultra Low Sulfur (0-15 ppm) Retail Prices (Dollars per Gallon),4.11,$/GAL
2024-05-06,R5XCA,PADD 5 EXCEPT CALIFORNIA,EPD2DXL0,No 2 Diesel Low Sulfur (0-15 ppm),PTE,Retail Sales,EMD_EPD2DXL0_PTE_R5XCA_DPG,West Coast (PADD 5) Except California No 2 Diesel Ultra Low Sulfur (0-15 ppm) Retail Prices (Dollars per Gallon),4.079,$/GAL
2024-05-13,R5XCA,PADD 5 EXCEPT CALIFORNIA,EPD2DXL0,No 2 Diesel Low Sulfur (0-15 ppm),PTE,Retail Sales,EMD_EPD2DXL0_PTE_R5XCA_DPG,West Coast (PADD 5) Except California No 2 Diesel Ultra Low Sulfur (0-15 ppm) Retail Prices (Dollars per Gallon),4.053,$/GAL
2024-05-20,R5XCA,PADD 5 EXCEPT CALIFORNIA,EPD2DXL0,No 2 Diesel Low Sulfur (0-15 ppm),PTE,Retail Sales,EMD_EPD2DXL0_PTE_R5XCA_DPG,West Coast (PADD 5) Except California No 2 Diesel Ultra Low Sulfur (0-15 ppm) Retail Prices (Dollars per Gallon),4.012,$/GAL
2024-05-27,R5XCA,PADD 5 EXCEPT CALIFORNIA,EPD2DXL0,No 2 Diesel Low Sulfur (0-15 ppm),PTE,Retail Sales,EMD_EPD2DXL0_PTE_R5XCA_DPG,West Coast (PADD 5) Except California No 2 Diesel Ultra Low Sulfur (0-15 ppm) Retail Prices (Dollars per Gallon),3.982,$/GAL
2024-06-03,R5XCA,PADD 5 EXCEPT CALIFORNIA,EPD2DXL0,No 2 Diesel Low Sulfur (0-15 ppm),PTE,Retail Sales,EMD_EPD2DXL0_PTE_R5XCA_DPG,West Coast (PADD 5) Except California No 2 Diesel Ultra Low Sulfur (0-15 ppm) Retail Prices (Dollars per Gallon),3.96,$/GAL
2024-06-10,R5XCA,PADD 5 EXCEPT CALIFORNIA,EPD2DXL0,No 2 Diesel Low Sulfur (0-15 ppm),PTE,Retail Sales,EMD_EPD2DXL0_PTE_R5XCA_DPG,West Coast (PADD 5) Except California No 2 Diesel Ultra Low Sulfur (0-15 ppm) Retail Prices (Dollars per Gallon),3.913,$/GAL
2024-06-17,R5XCA,PADD 5 EXCEPT CALIFORNIA,EPD2DXL0,No 2 Diesel Low Sulfur (0-15 ppm),PTE,Retail Sales,EMD_EPD2DXL0_PTE_R5XCA_DPG,West Coast (PADD 5) Except California No 2 Diesel Ultra Low Sulfur (0-15 ppm) Retail Prices (Dollars per Gallon),3.984,$/GAL
2024-06-24,R5XCA,PADD 5 EXCEPT CALIFORNIA,EPD2DXL0,No 2 Diesel Low Sulfur (0-15 ppm),PTE,Retail Sales,EMD_EPD2DXL0_PTE_R5XCA_DPG,West Coast (PADD 5) Except California No 2 Diesel Ultra Low Sulfur (0-15 ppm) Retail Prices (Dollars per Gallon),3.99,$/GAL
2024-07-01,R5XCA,PADD 5 EXCEPT CALIFORNIA,EPD2DXL0,No 2 Diesel Low Sulfur (0-15 ppm),PTE,Retail Sales,EMD_EPD2DXL0_PTE_R5XCA_DPG,West Coast (PADD 5) Except California No 2 Diesel Ultra Low Sulfur (0-15 ppm) Retail Prices (Dollars per Gallon),4.039,$/GAL
2024-07-08,R5XCA,PADD 5 EXCEPT CALIFORNIA,EPD2DXL0,No 2 Diesel Low Sulfur (0-15 ppm),PTE,Retail Sales,EMD_EPD2DXL0_PTE_R5XCA_DPG,West Coast (PADD 5) Except California No 2 Diesel Ultra Low Sulfur (0-15 ppm) Retail Prices (Dollars per Gallon),4.018,$/GAL
2024-07-15,R5XCA,PADD 5 EXCEPT CALIFORNIA,EPD2DXL0,No 2 Diesel Low Sulfur (0-15 ppm),PTE,Retail Sales,EMD_EPD2DXL0_PTE_R5XCA_DPG,West Coast (PADD 5) Except California No 2 Diesel Ultra Low Sulfur (0-15 ppm) Retail Prices (Dollars per Gallon),4.03,$/GAL
2024-07-22,R5XCA,PADD 5 EXCEPT CALIFORNIA,EPD2DXL0,No 2 Diesel Low Sulfur (0-15 ppm),PTE,Retail Sales,EMD_EPD2DXL0_PTE_R5XCA_DPG,West Coast (PADD 5) Except California No 2 Diesel Ultra Low Sulfur (0-15 ppm) Retail Prices (Dollars per Gallon),3.977,$/GAL
2024-07-29,R5XCA,PADD 5 EXCEPT CALIFORNIA,EPD2DXL0,No 2 Diesel Low Sulfur (0-15 ppm),PTE,Retail Sales,EMD_EPD2DXL0_PTE_R5XCA_DPG,West Coast (PADD 5) Except California No 2 Diesel Ultra Low Sulfur (0-15 ppm) Retail Prices (Dollars per Gallon),3.968,$/GAL
2024-08-05,R5XCA,PADD 5 EXCEPT CALIFORNIA,EPD2DXL0,No 2 Diesel Low Sulfur (0-15 ppm),PTE,Retail Sales,EMD_EPD2DXL0_PTE_R5XCA_DPG,West Coast (PADD 5) Except California No 2 Diesel Ultra Low Sulfur (0-15 ppm) Retail Prices (Dollars per Gallon),3.951,$/GAL
2024-08-12,R5XCA,PADD 5 EXCEPT CALIFORNIA,EPD2DXL0,No 2 Diesel Low Sulfur (0-15 ppm),PTE,Retail Sales,EMD_EPD2DXL0_PTE_R5XCA_DPG,West Coast (PADD 5) Except California No 2 Diesel Ultra Low Sulfur (0-15 ppm) Retail Prices (Dollars per Gallon),3.913,$/GAL
2024-08-19,R5XCA,PADD 5 EXCEPT CALIFORNIA,EPD2DXL0,No 2 Diesel Low Sulfur (0-15 ppm),PTE,Retail Sales,EMD_EPD2DXL0_PTE_R5XCA_DPG,West Coast (PADD 5) Except California No 2 Diesel Ultra Low Sulfur (0-15 ppm) Retail Prices (Dollars per Gallon),3.905,$/GAL
2024-08-26,R5XCA,PADD 5 EXCEPT CALIFORNIA,EPD2DXL0,No 2 Diesel Low Sulfur (0-15 ppm),PTE,Retail Sales,EMD_EPD2DXL0_PTE_R5XCA_DPG,West Coast (PADD 5) Except California No 2 Diesel Ultra Low Sulfur (0-15 ppm) Retail Prices (Dollars per Gallon),3.893,$/GAL
2024-09-02,R5XCA,PADD 5 EXCEPT CALIFORNIA,EPD2DXL0,No 2 Diesel Low Sulfur (0-15 ppm),PTE,Retail Sales,EMD_EPD2DXL0_PTE_R5XCA_DPG,West Coast (PADD 5) Except California No 2 Diesel Ultra Low Sulfur (0-15 ppm) Retail Prices (Dollars per Gallon),3.896,$/GAL
2024-09-09,R5XCA,PADD 5 EXCEPT CALIFORNIA,EPD2DXL0,No 2 Diesel Low Sulfur (0-15 ppm),PTE,Retail Sales,EMD_EPD2DXL0_PTE_R5XCA_DPG,West Coast (PADD 5) Except California No 2 Diesel Ultra Low Sulfur (0-15 ppm) Retail Prices (Dollars per Gallon),3.837,$/GAL
2024-09-16,R5XCA,PADD 5 EXCEPT CALIFORNIA,EPD2DXL0,No 2 Diesel Low Sulfur (0-15 ppm),PTE,Retail Sales,EMD_EPD2DXL0_PTE_R5XCA_DPG,West Coast (PADD 5) Except California No 2 Diesel Ultra Low Sulfur (0-15 ppm) Retail Prices (Dollars per Gallon),3.818,$/GAL
2024-09-23,R5XCA,PADD 5 EXCEPT CALIFORNIA,EPD2DXL0,No 2 Diesel Low Sulfur (0-15 ppm),PTE,Retail Sales,EMD_EPD2DXL0_PTE_R5XCA_DPG,West Coast (PADD 5) Except California No 2 Diesel Ultra Low Sulfur (0-15 ppm) Retail Prices (Dollars per Gallon),3.815,$/GAL
2024-09-30,R5XCA,PADD 5 EXCEPT CALIFORNIA,EPD2DXL0,No 2 Diesel Low Sulfur (0-15 ppm),PTE,Retail Sales,EMD_EPD2DXL0_PTE_R5XCA_DPG,West Coast (PADD 5) Except California No 2 Diesel Ultra Low Sulfur (0-15 ppm) Retail Prices (Dollars per Gallon),3.797,$/GAL
2024-10-07,R5XCA,PADD 5 EXCEPT CALIFORNIA,EPD2DXL0,No 2 Diesel Low Sulfur (0-15 ppm),PTE,Retail Sales,EMD_EPD2DXL0_PTE_R5XCA_DPG,West Coast (PADD 5) Except California No 2 Diesel Ultra Low Sulfur (0-15 ppm) Retail Prices (Dollars per Gallon),3.841,$/GAL
2024-10-14,R5XCA,PADD 5 EXCEPT CALIFORNIA,EPD2DXL0,No 2 Diesel Low Sulfur (0-15 ppm),PTE,Retail Sales,EMD_EPD2DXL0_PTE_R5XCA_DPG,West Coast (PADD 5) Except California No 2 Diesel Ultra Low Sulfur (0-15 ppm) Retail Prices (Dollars per Gallon),3.874,$/GAL
2024-10-21,R5XCA,PADD 5 EXCEPT CALIFORNIA,EPD2DXL0,No 2 Diesel Low Sulfur (0-15 ppm),PTE,Retail Sales,EMD_EPD2DXL0_PTE_R5XCA_DPG,West Coast (PADD 5) Except California No 2 Diesel Ultra Low Sulfur (0-15 ppm) Retail Prices (Dollars per Gallon),3.785,$/GAL
2024-10-28,R5XCA,PADD 5 EXCEPT CALIFORNIA,EPD2DXL0,No 2 Diesel Low Sulfur (0-15 ppm),PTE,Retail Sales,EMD_EPD2DXL0_PTE_R5XCA_DPG,West Coast (PADD 5) Except California No 2 Diesel Ultra Low Sulfur (0-15 ppm) Retail Prices (Dollars per Gallon),3.791,$/GAL
2024-11-04,R5XCA,PADD 5 EXCEPT CALIFORNIA,EPD2DXL0,No 2 Diesel Low Sulfur (0-15 ppm),PTE,Retail Sales,EMD_EPD2DXL0_PTE_R5XCA_DPG,West Coast (PADD 5) Except California No 2 Diesel Ultra Low Sulfur (0-15 ppm) Retail Prices (Dollars per Gallon),3.763,$/GAL
2024-11-11,R5XCA,PADD 5 EXCEPT CALIFORNIA,EPD2DXL0,No 2 Diesel Low Sulfur (0-15 ppm),PTE,Retail Sales,EMD_EPD2DXL0_PTE_R5XCA_DPG,West Coast (PADD 5) Except California No 2 Diesel Ultra Low Sulfur (0-15 ppm) Retail Prices (Dollars per Gallon),3.757,$/GAL
2024-11-18,R5XCA,PADD 5 EXCEPT CALIFORNIA,EPD2DXL0,No 2 Diesel Low Sulfur (0-15 ppm),PTE,Retail Sales,EMD_EPD2DXL0_PTE_R5XCA_DPG,West Coast (PADD 5) Except California No 2 Diesel Ultra Low Sulfur (0-15 ppm) Retail Prices (Dollars per Gallon),3.706,$/GAL
2024-11-25,R5XCA,PADD 5 EXCEPT CALIFORNIA,EPD2DXL0,No 2 Diesel Low Sulfur (0-15 ppm),PTE,Retail Sales,EMD_EPD2DXL0_PTE_R5XCA_DPG,West Coast (PADD 5) Except California No 2 Diesel Ultra Low Sulfur (0-15 ppm) Retail Prices (Dollars per Gallon),3.755,$/GAL
2024-12-02,R5XCA,PADD 5 EXCEPT CALIFORNIA,EPD2DXL0,No 2 Diesel Low Sulfur (0-15 ppm),PTE,Retail Sales,EMD_EPD2DXL0_PTE_R5XCA_DPG,West Coast (PADD 5) Except California No 2 Diesel Ultra Low Sulfur (0-15 ppm) Retail Prices (Dollars per Gallon),3.739,$/GAL
2024-12-09,R5XCA,PADD 5 EXCEPT CALIFORNIA,EPD2DXL0,No 2 Diesel Low Sulfur (0-15 ppm),PTE,Retail Sales,EMD_EPD2DXL0_PTE_R5XCA_DPG,West Coast (PADD 5) Except California No 2 Diesel Ultra Low Sulfur (0-15 ppm) Retail Prices (Dollars per Gallon),3.682,$/GAL
2024-12-16,R5XCA,PADD 5 EXCEPT CALIFORNIA,EPD2DXL0,No 2 Diesel Low Sulfur (0-15 ppm),PTE,Retail Sales,EMD_EPD2DXL0_PTE_R5XCA_DPG,West Coast (PADD 5) Except California No 2 Diesel Ultra Low Sulfur (0-15 ppm) Retail Prices (Dollars per Gallon),3.726,$/GAL
2024-12-23,R5XCA,PADD 5 EXCEPT CALIFORNIA,EPD2DXL0,No 2 Diesel Low Sulfur (0-15 ppm),PTE,Retail Sales,EMD_EPD2DXL0_PTE_R5XCA_DPG,West Coast (PADD 5) Except California No 2 Diesel Ultra Low Sulfur (0-15 ppm) Retail Prices (Dollars per Gallon),3.645,$/GAL
2024-12-30,R5XCA,PADD 5 EXCEPT CALIFORNIA,EPD2DXL0,No 2 Diesel Low Sulfur (0-15 ppm),PTE,Retail Sales,EMD_EPD2DXL0_PTE_R5XCA_DPG,West Coast (PADD 5) Except California No 2 Diesel Ultra Low Sulfur (0-15 ppm) Retail Prices (Dollars per Gallon),3.705,$/GAL
2025-01-06,R5XCA,PADD 5 EXCEPT CALIFORNIA,EPD2DXL0,No 2 Diesel Low Sulfur (0-15 ppm),PTE,Retail Sales,EMD_EPD2DXL0_PTE_R5XCA_DPG,West Coast (PADD 5) Except California No 2 Diesel Ultra Low Sulfur (0-15 ppm) Retail Prices (Dollars per Gallon),3.739,$/GAL
2025-01-13,R5XCA,PADD 5 EXCEPT CALIFORNIA,EPD2DXL0,No 2 Diesel Low Sulfur (0-15 ppm),PTE,Retail Sales,EMD_EPD2DXL0_PTE_R5XCA_DPG,West Coast (PADD 5) Except California No 2 Diesel Ultra Low Sulfur (0-15 ppm) Retail Prices (Dollars per Gallon),3.776,$/GAL
2025-01-20,R5XCA,PADD 5 EXCEPT CALIFORNIA,EPD2DXL0,No 2 Diesel Low Sulfur (0-15 ppm),PTE,Retail Sales,EMD_EPD2DXL0_PTE_R5XCA_DPG,West Coast (PADD 5) Except California No 2 Diesel Ultra Low Sulfur (0-15 ppm) Retail Prices (Dollars per Gallon),3.865,$/GAL
2025-01-27,R5XCA,PADD 5 EXCEPT CALIFORNIA,EPD2DXL0,No 2 Diesel Low Sulfur (0-15 ppm),PTE,Retail Sales,EMD_EPD2DXL0_PTE_R5XCA_DPG,West Coast (PADD 5) Except California No 2 Diesel Ultra Low Sulfur (0-15 ppm) Retail Prices (Dollars per Gallon),3.823,$/GAL
2025-02-03,R5XCA,PADD 5 EXCEPT CALIFORNIA,EPD2DXL0,No 2 Diesel Low Sulfur (0-15 ppm),PTE,Retail Sales,EMD_EPD2DXL0_PTE_R5XCA_DPG,West Coast (PADD 5) Except California No 2 Diesel Ultra Low Sulfur (0-15 ppm) Retail Prices (Dollars per Gallon),3.857,$/GAL
2025-02-10,R5XCA,PADD 5 EXCEPT CALIFORNIA,EPD2DXL0,No 2 Diesel Low Sulfur (0-15 ppm),PTE,Retail Sales,EMD_EPD2DXL0_PTE_R5XCA_DPG,West Coast (PADD 5) Except California No 2 Diesel Ultra Low Sulfur (0-15 ppm) Retail Prices (Dollars per Gallon),3.883,$/GAL
2025-02-17,R5XCA,PADD 5 EXCEPT CALIFORNIA,EPD2DXL0,No 2 Diesel Low Sulfur (0-15 ppm),PTE,Retail Sales,EMD_EPD2DXL0_PTE_R5XCA_DPG,West Coast (PADD 5) Except California No 2 Diesel Ultra Low Sulfur (0-15 ppm) Retail Prices (Dollars per Gallon),3.863,$/GAL
2025-02-24,R5XCA,PADD 5 EXCEPT CALIFORNIA,EPD2DXL0,No 2 Diesel Low Sulfur (0-15 ppm),PTE,Retail Sales,EMD_EPD2DXL0_PTE_R5XCA_DPG,West Coast (PADD 5) Except California No 2 Diesel Ultra Low Sulfur (0-15 ppm) Retail Prices (Dollars per Gallon),3.908,$/GAL
2025-03-03,R5XCA,PADD 5 EXCEPT CALIFORNIA,EPD2DXL0,No 2 Diesel Low Sulfur (0-15 ppm),PTE,Retail Sales,EMD_EPD2DXL0_PTE_R5XCA_DPG,West Coast (PADD 5) Except California No 2 Diesel Ultra Low Sulfur (0-15 ppm) Retail Prices (Dollars per Gallon),3.829,$/GAL
2025-03-10,R5XCA,PADD 5 EXCEPT CALIFORNIA,EPD2DXL0,No 2 Diesel Low Sulfur (0-15 ppm),PTE,Retail Sales,EMD_EPD2DXL0_PTE_R5XCA_DPG,West Coast (PADD 5) Except California No 2 Diesel Ultra Low Sulfur (0-15 ppm) Retail Prices (Dollars per Gallon),3.768,$/GAL
2025-03-17,R5XCA,PADD 5 EXCEPT CALIFORNIA,EPD2DXL0,No 2 Diesel Low Sulfur (0-15 ppm),PTE,Retail Sales,EMD_EPD2DXL0_PTE_R5XCA_DPG,West Coast (PADD 5) Except California No 2 Diesel Ultra Low Sulfur (0-15 ppm) Retail Prices (Dollars per Gallon),3.715,$/GAL
2025-03-24,R5XCA,PADD 5 EXCEPT CALIFORNIA,EPD2DXL0,No 2 Diesel Low Sulfur (0-15 ppm),PTE,Retail Sales,EMD_EPD2DXL0_PTE_R5XCA_DPG,West Coast (PADD 5) Except California No 2 Diesel Ultra Low Sulfur (0-15 ppm) Retail Prices (Dollars per Gallon),3.754,$/GAL
2025-03-31,R5XCA,PADD 5 EXCEPT CALIFORNIA,EPD2DXL0,No 2 Diesel Low Sulfur (0-15 ppm),PTE,Retail Sales,EMD_EPD2DXL0_PTE_R5XCA_DPG,West Coast (PADD 5) Except California No 2 Diesel Ultra Low Sulfur (0-15 ppm) Retail Prices (Dollars per Gallon),3.811,$/GAL
2025-04-07,R5XCA,PADD 5 EXCEPT CALIFORNIA,EPD2DXL0,No 2 Diesel Low Sulfur (0-15 ppm),PTE,Retail Sales,EMD_EPD2DXL0_PTE_R5XCA_DPG,West Coast (PADD 5) Except California No 2 Diesel Ultra Low Sulfur (0-15 ppm) Retail Prices (Dollars per Gallon),3.876,$/GAL
2025-04-14,R5XCA,PADD 5 EXCEPT CALIFORNIA,EPD2DXL0,No 2 Diesel Low Sulfur (0-15 ppm),PTE,Retail Sales,EMD_EPD2DXL0_PTE_R5XCA_DPG,West Coast (PADD 5) Except California No 2 Diesel Ultra Low Sulfur (0-15 ppm) Retail Prices (Dollars per Gallon),3.833,$/GAL
2025-04-21,R5XCA,PADD 5 EXCEPT CALIFORNIA,EPD2DXL0,No 2 Diesel Low Sulfur (0-15 ppm),PTE,Retail Sales,EMD_EPD2DXL0_PTE_R5XCA_DPG,West Coast (PADD 5) Except California No 2 Diesel Ultra Low Sulfur (0-15 ppm) Retail Prices (Dollars per Gallon),3.813,$/GAL
2025-04-28,R5XCA,PADD 5 EXCEPT CALIFORNIA,EPD2DXL0,No 2 Diesel Low Sulfur (0-15 ppm),PTE,Retail Sales,EMD_EPD2DXL0_PTE_R5XCA_DPG,West Coast (PADD 5) Except California No 2 Diesel Ultra Low Sulfur (0-15 ppm) Retail Prices (Dollars per Gallon),3.777,$/GAL
2025-05-05,R5XCA,PADD 5 EXCEPT CALIFORNIA,EPD2DXL0,No 2 Diesel Low Sulfur (0-15 ppm),PTE,Retail Sales,EMD_EPD2DXL0_PTE_R5XCA_DPG,West Coast (PADD 5) Except California No 2 Diesel Ultra Low Sulfur (0-15 ppm) Retail Prices (Dollars per Gallon),3.75,$/GAL
2025-05-12,R5XCA,PADD 5 EXCEPT CALIFORNIA,EPD2DXL0,No 2 Diesel Low Sulfur (0-15 ppm),PTE,Retail Sales,EMD_EPD2DXL0_PTE_R5XCA_DPG,West Coast (PADD 5) Except California No 2 Diesel Ultra Low Sulfur (0-15 ppm) Retail Prices (Dollars per Gallon),3.735,$/GAL
2025-05-19,R5XCA,PADD 5 EXCEPT CALIFORNIA,EPD2DXL0,No 2 Diesel Low Sulfur (0-15 ppm),PTE,Retail Sales,EMD_EPD2DXL0_PTE_R5XCA_DPG,West Coast (PADD 5) Except California No 2 Diesel Ultra Low Sulfur (0-15 ppm) Retail Prices (Dollars per Gallon),3.828,$/GAL
2025-05-26,R5XCA,PADD 5 EXCEPT CALIFORNIA,EPD2DXL0,No 2 Diesel Low Sulfur (0-15 ppm),PTE,Retail Sales,EMD_EPD2DXL0_PTE_R5XCA_DPG,West Coast (PADD 5) Except California No 2 Diesel Ultra Low Sulfur (0-15 ppm) Retail Prices (Dollars per Gallon),3.763,$/GAL
2025-06-02,R5XCA,PADD 5 EXCEPT CALIFORNIA,EPD2DXL0,No 2 Diesel Low Sulfur (0-15 ppm),PTE,Retail Sales,EMD_EPD2DXL0_PTE_R5XCA_DPG,West Coast (PADD 5) Except California No 2 Diesel Ultra Low Sulfur (0-15 ppm) Retail Prices (Dollars per Gallon),3.745,$/GAL
2025-06-09,R5XCA,PADD 5 EXCEPT CALIFORNIA,EPD2DXL0,No 2 Diesel Low Sulfur (0-15 ppm),PTE,Retail Sales,EMD_EPD2DXL0_PTE_R5XCA_DPG,West Coast (PADD 5) Except California No 2 Diesel Ultra Low Sulfur (0-15 ppm) Retail Prices (Dollars per Gallon),3.764,$/GAL
2025-06-16,R5XCA,PADD 5 EXCEPT CALIFORNIA,EPD2DXL0,No 2 Diesel Low Sulfur (0-15 ppm),PTE,Retail Sales,EMD_EPD2DXL0_PTE_R5XCA_DPG,West Coast (PADD 5) Except California No 2 Diesel Ultra Low Sulfur (0-15 ppm) Retail Prices (Dollars per Gallon),3.902,$/GAL
2025-06-23,R5XCA,PADD 5 EXCEPT CALIFORNIA,EPD2DXL0,No 2 Diesel Low Sulfur (0-15 ppm),PTE,Retail Sales,EMD_EPD2DXL0_PTE_R5XCA_DPG,West Coast (PADD 5) Except California No 2 Diesel Ultra Low Sulfur (0-15 ppm) Retail Prices (Dollars per Gallon),4.082,$/GAL
2025-06-30,R5XCA,PADD 5 EXCEPT CALIFORNIA,EPD2DXL0,No 2 Diesel Low Sulfur (0-15 ppm),PTE,Retail Sales,EMD_EPD2DXL0_PTE_R5XCA_DPG,West Coast (PADD 5) Except California No 2 Diesel Ultra Low Sulfur (0-15 ppm) Retail Prices (Dollars per Gallon),4.035,$/GAL
2025-07-07,R5XCA,PADD 5 EXCEPT CALIFORNIA,EPD2DXL0,No 2 Diesel Low Sulfur (0-15 ppm),PTE,Retail Sales,EMD_EPD2DXL0_PTE_R5XCA_DPG,West Coast (PADD 5) Except California No 2 Diesel Ultra Low Sulfur (0-15 ppm) Retail Prices (Dollars per Gallon),4.088,$/GAL
2025-07-14,R5XCA,PADD 5 EXCEPT CALIFORNIA,EPD2DXL0,No 2 Diesel Low Sulfur (0-15 ppm),PTE,Retail Sales,EMD_EPD2DXL0_PTE_R5XCA_DPG,West Coast (PADD 5) Except California No 2 Diesel Ultra Low Sulfur (0-15 ppm) Retail Prices (Dollars per Gallon),4.122,$/GAL
2025-07-21,R5XCA,PADD 5 EXCEPT CALIFORNIA,EPD2DXL0,No 2 Diesel Low Sulfur (0-15 ppm),PTE,Retail Sales,EMD_EPD2DXL0_PTE_R5XCA_DPG,West Coast (PADD 5) Except California No 2 Diesel Ultra Low Sulfur (0-15 ppm) Retail Prices (Dollars per Gallon),4.176,$/GAL
2025-07-28,R5XCA,PADD 5 EXCEPT CALIFORNIA,EPD2DXL0,No 2 Diesel Low Sulfur (0-15 ppm),PTE,Retail Sales,EMD_EPD2DXL0_PTE_R5XCA_DPG,West Coast (PADD 5) Except California No 2 Diesel Ultra Low Sulfur (0-15 ppm) Retail Prices (Dollars per Gallon),4.189,$/GAL
2025-08-04,R5XCA,PADD 5 EXCEPT CALIFORNIA,EPD2DXL0,No 2 Diesel Low Sulfur (0-15 ppm),PTE,Retail Sales,EMD_EPD2DXL0_PTE_R5XCA_DPG,West Coast (PADD 5) Except California No 2 Diesel Ultra Low Sulfur (0-15 ppm) Retail Prices (Dollars per Gallon),4.188,$/GAL
2025-08-11,R5XCA,PADD 5 EXCEPT CALIFORNIA,EPD2DXL0,No 2 Diesel Low Sulfur (0-15 ppm),PTE,Retail Sales,EMD_EPD2DXL0_PTE_R5XCA_DPG,West Coast (PADD 5) Except California No 2 Diesel Ultra Low Sulfur (0-15 ppm) Retail Prices (Dollars per Gallon),4.148,$/GAL
2025-08-18,R5XCA,PADD 5 EXCEPT CALIFORNIA,EPD2DXL0,No 2 Diesel Low Sulfur (0-15 ppm),PTE,Retail Sales,EMD_EPD2DXL0_PTE_R5XCA_DPG,West Coast (PADD 5) Except California No 2 Diesel Ultra Low Sulfur (0-15 ppm) Retail Prices (Dollars per Gallon),4.094,$/GAL
2025-08-25,R5XCA,PADD 5 EXCEPT CALIFORNIA,EPD2DXL0,No 2 Diesel Low Sulfur (0-15 ppm),PTE,Retail Sales,EMD_EPD2DXL0_PTE_R5XCA_DPG,West Coast (PADD 5) Except California No 2 Diesel Ultra Low Sulfur (0-15 ppm) Retail Prices (Dollars per Gallon),4.103,$/GAL
2025-09-01,R5XCA,PADD 5 EXCEPT CALIFORNIA,EPD2DXL0,No 2 Diesel Low Sulfur (0-15 ppm),PTE,Retail Sales,EMD_EPD2DXL0_PTE_R5XCA_DPG,West Coast (PADD 5) Except California No 2 Diesel Ultra Low Sulfur (0-15 ppm) Retail Prices (Dollars per Gallon),4.112,$/GAL
2025-09-08,R5XCA,PADD 5 EXCEPT CALIFORNIA,EPD2DXL0,No 2 Diesel Low Sulfur (0-15 ppm),PTE,Retail Sales,EMD_EPD2DXL0_PTE_R5XCA_DPG,West Coast (PADD 5) Except California No 2 Diesel Ultra Low Sulfur (0-15 ppm) Retail Prices (Dollars per Gallon),4.163,$/GAL
2025-09-15,R5XCA,PADD 5 EXCEPT CALIFORNIA,EPD2DXL0,No 2 Diesel Low Sulfur (0-15 ppm),PTE,Retail Sales,EMD_EPD2DXL0_PTE_R5XCA_DPG,West Coast (PADD 5) Except California No 2 Diesel Ultra Low Sulfur (0-15 ppm) Retail Prices (Dollars per Gallon),4.134,$/GAL
2025-09-22,R5XCA,PADD 5 EXCEPT CALIFORNIA,EPD2DXL0,No 2 Diesel Low Sulfur (0-15 ppm),PTE,Retail Sales,EMD_EPD2DXL0_PTE_R5XCA_DPG,West Coast (PADD 5) Except California No 2 Diesel Ultra Low Sulfur (0-15 ppm) Retail Prices (Dollars per Gallon),4.123,$/GAL
2025-09-29,R5XCA,PADD 5 EXCEPT CALIFORNIA,EPD2DXL0,No 2 Diesel Low Sulfur (0-15 ppm),PTE,Retail Sales,EMD_EPD2DXL0_PTE_R5XCA_DPG,West Coast (PADD 5) Except California No 2 Diesel Ultra Low Sulfur (0-15 ppm) Retail Prices (Dollars per Gallon),4.143,$/GAL
2025-10-06,R5XCA,PADD 5 EXCEPT CALIFORNIA,EPD2DXL0,No 2 Diesel Low Sulfur (0-15 ppm),PTE,Retail Sales,EMD_EPD2DXL0_PTE_R5XCA_DPG,West Coast (PADD 5) Except California No 2 Diesel Ultra Low Sulfur (0-15 ppm) Retail Prices (Dollars per Gallon),4.09,$/GAL
2025-10-13,R5XCA,PADD 5 EXCEPT CALIFORNIA,EPD2DXL0,No 2 Diesel Low Sulfur (0-15 ppm),PTE,Retail Sales,EMD_EPD2DXL0_PTE_R5XCA_DPG,West Coast (PADD 5) Except California No 2 Diesel Ultra Low Sulfur (0-15 ppm) Retail Prices (Dollars per Gallon),4.052,$/GAL
2025-10-20,R5XCA,PADD 5 EXCEPT CALIFORNIA,EPD2DXL0,No 2 Diesel Low Sulfur (0-15 ppm),PTE,Retail Sales,EMD_EPD2DXL0_PTE_R5XCA_DPG,West Coast (PADD 5) Except California No 2 Diesel Ultra Low Sulfur (0-15 ppm) Retail Prices (Dollars per Gallon),4.008,$/GAL
2025-10-27,R5XCA,PADD 5 EXCEPT CALIFORNIA,EPD2DXL0,No 2 Diesel Low Sulfur (0-15 ppm),PTE,Retail Sales,EMD_EPD2DXL0_PTE_R5XCA_DPG,West Coast (PADD 5) Except California No 2 Diesel Ultra Low Sulfur (0-15 ppm) Retail Prices (Dollars per Gallon),4.095,$/GAL
2025-11-03,R5XCA,PADD 5 EXCEPT CALIFORNIA,EPD2DXL0,No 2 Diesel Low Sulfur (0-15 ppm),PTE,Retail Sales,EMD_EPD2DXL0_PTE_R5XCA_DPG,West Coast (PADD 5) Except California No 2 Diesel Ultra Low Sulfur (0-15 ppm) Retail Prices (Dollars per Gallon),4.121,$/GAL
2025-11-10,R5XCA,PADD 5 EXCEPT CALIFORNIA,EPD2DXL0,No 2 Diesel Low Sulfur (0-15 ppm),PTE,Retail Sales,EMD_EPD2DXL0_PTE_R5XCA_DPG,West Coast (PADD 5) Except California No 2 Diesel Ultra Low Sulfur (0-15 ppm) Retail Prices (Dollars per Gallon),4.161,$/GAL
2025-11-17,R5XCA,PADD 5 EXCEPT CALIFORNIA,EPD2DXL0,No 2 Diesel Low Sulfur (0-15 ppm),PTE,Retail Sales,EMD_EPD2DXL0_PTE_R5XCA_DPG,West Coast (PADD 5) Except California No 2 Diesel Ultra Low Sulfur (0-15 ppm) Retail Prices (Dollars per Gallon),4.18,$/GAL
2025-11-24,R5XCA,PADD 5 EXCEPT CALIFORNIA,EPD2DXL0,No 2 Diesel Low Sulfur (0-15 ppm),PTE,Retail Sales,EMD_EPD2DXL0_PTE_R5XCA_DPG,West Coast (PADD 5) Except California No 2 Diesel Ultra Low Sulfur (0-15 ppm) Retail Prices (Dollars per Gallon),4.108,$/GAL
2025-12-01,R5XCA,PADD 5 EXCEPT CALIFORNIA,EPD2DXL0,No 2 Diesel Low Sulfur (0-15 ppm),PTE,Retail Sales,EMD_EPD2DXL0_PTE_R5XCA_DPG,West Coast (PADD 5) Except California No 2 Diesel Ultra Low Sulfur (0-15 ppm) Retail Prices (Dollars per Gallon),4.026,$/GAL
2025-12-08,R5XCA,PADD 5 EXCEPT CALIFORNIA,EPD2DXL0,No 2 Diesel Low Sulfur (0-15 ppm),PTE,Retail Sales,EMD_EPD2DXL0_PTE_R5XCA_DPG,West Coast (PADD 5) Except California No 2 Diesel Ultra Low Sulfur (0-15 ppm) Retail Prices (Dollars per Gallon),3.944,$/GAL
2025-12-15,R5XCA,PADD 5 EXCEPT CALIFORNIA,EPD2DXL0,No 2 Diesel Low Sulfur (0-15 ppm),PTE,Retail Sales,EMD_EPD2DXL0_PTE_R5XCA_DPG,West Coast (PADD 5) Except California No 2 Diesel Ultra Low Sulfur (0-15 ppm) Retail Prices (Dollars per Gallon),3.871,$/GAL
2025-12-22,R5XCA,PADD 5 EXCEPT CALIFORNIA,EPD2DXL0,No 2 Diesel Low Sulfur (0-15 ppm),PTE,Retail Sales,EMD_EPD2DXL0_PTE_R5XCA_DPG,West Coast (PADD 5) Except California No 2 Diesel Ultra Low Sulfur (0-15 ppm) Retail Prices (Dollars per Gallon),3.766,$/GAL
2025-12-29,R5XCA,PADD 5 EXCEPT CALIFORNIA,EPD2DXL0,No 2 Diesel Low Sulfur (0-15 ppm),PTE,Retail Sales,EMD_EPD2DXL0_PTE_R5XCA_DPG,West Coast (PADD 5) Except California No 2 Diesel Ultra Low Sulfur (0-15 ppm) Retail Prices (Dollars per Gallon),3.719,$/GAL
2026-01-05,R5XCA,PADD 5 EXCEPT CALIFORNIA,EPD2DXL0,No 2 Diesel Low Sulfur (0-15 ppm),PTE,Retail Sales,EMD_EPD2DXL0_PTE_R5XCA_DPG,West Coast (PADD 5) Except California No 2 Diesel Ultra Low Sulfur (0-15 ppm) Retail Prices (Dollars per Gallon),3.683,$/GAL
2026-01-12,R5XCA,PADD 5 EXCEPT CALIFORNIA,EPD2DXL0,No 2 Diesel Low Sulfur (0-15 ppm),PTE,Retail Sales,EMD_EPD2DXL0_PTE_R5XCA_DPG,West Coast (PADD 5) Except California No 2 Diesel Ultra Low Sulfur (0-15 ppm) Retail Prices (Dollars per Gallon),3.674,$/GAL
2026-01-19,R5XCA,PADD 5 EXCEPT CALIFORNIA,EPD2DXL0,No 2 Diesel Low Sulfur (0-15 ppm),PTE,Retail Sales,EMD_EPD2DXL0_PTE_R5XCA_DPG,West Coast (PADD 5) Except California No 2 Diesel Ultra Low Sulfur (0-15 ppm) Retail Prices (Dollars per Gallon),3.782,$/GAL
2026-01-26,R5XCA,PADD 5 EXCEPT CALIFORNIA,EPD2DXL0,No 2 Diesel Low Sulfur (0-15 ppm),PTE,Retail Sales,EMD_EPD2DXL0_PTE_R5XCA_DPG,West Coast (PADD 5) Except California No 2 Diesel Ultra Low Sulfur (0-15 ppm) Retail Prices (Dollars per Gallon),3.944,$/GAL
2026-02-02,R5XCA,PADD 5 EXCEPT CALIFORNIA,EPD2DXL0,No 2 Diesel Low Sulfur (0-15 ppm),PTE,Retail Sales,EMD_EPD2DXL0_PTE_R5XCA_DPG,West Coast (PADD 5) Except California No 2 Diesel Ultra Low Sulfur (0-15 ppm) Retail Prices (Dollars per Gallon),3.982,$/GAL
2026-02-09,R5XCA,PADD 5 EXCEPT CALIFORNIA,EPD2DXL0,No 2 Diesel Low Sulfur (0-15 ppm),PTE,Retail Sales,EMD_EPD2DXL0_PTE_R5XCA_DPG,West Coast (PADD 5) Except California No 2 Diesel Ultra Low Sulfur (0-15 ppm) Retail Prices (Dollars per Gallon),3.969,$/GAL
2026-02-16,R5XCA,PADD 5 EXCEPT CALIFORNIA,EPD2DXL0,No 2 Diesel Low Sulfur (0-15 ppm),PTE,Retail Sales,EMD_EPD2DXL0_PTE_R5XCA_DPG,West Coast (PADD 5) Except California No 2 Diesel Ultra Low Sulfur (0-15 ppm) Retail Prices (Dollars per Gallon),3.97,$/GAL
2026-02-23,R5XCA,PADD 5 EXCEPT CALIFORNIA,EPD2DXL0,No 2 Diesel Low Sulfur (0-15 ppm),PTE,Retail Sales,EMD_EPD2DXL0_PTE_R5XCA_DPG,West Coast (PADD 5) Except California No 2 Diesel Ultra Low Sulfur (0-15 ppm) Retail Prices (Dollars per Gallon),4.05,$/GAL
2026-03-02,R5XCA,PADD 5 EXCEPT CALIFORNIA,EPD2DXL0,No 2 Diesel Low Sulfur (0-15 ppm),PTE,Retail Sales,EMD_EPD2DXL0_PTE_R5XCA_DPG,West Coast (PADD 5) Except California No 2 Diesel Ultra Low Sulfur (0-15 ppm) Retail Prices (Dollars per Gallon),4.138,$/GAL
2026-03-09,R5XCA,PADD 5 EXCEPT CALIFORNIA,EPD2DXL0,No 2 Diesel Low Sulfur (0-15 ppm),PTE,Retail Sales,EMD_EPD2DXL0_PTE_R5XCA_DPG,West Coast (PADD 5) Except California No 2 Diesel Ultra Low Sulfur (0-15 ppm) Retail Prices (Dollars per Gallon),5.088,$/GAL
2026-03-16,R5XCA,PADD 5 EXCEPT CALIFORNIA,EPD2DXL0,No 2 Diesel Low Sulfur (0-15 ppm),PTE,Retail Sales,EMD_EPD2DXL0_PTE_R5XCA_DPG,West Coast (PADD 5) Except California No 2 Diesel Ultra Low Sulfur (0-15 ppm) Retail Prices (Dollars per Gallon),5.36,$/GAL
2024-03-25,SCA,CALIFORNIA,EPD2DXL0,No 2 Diesel Low Sulfur (0-15 ppm),PTE,Retail Sales,EMD_EPD2DXL0_PTE_SCA_DPG,California No 2 Diesel Ultra Low Sulfur (0-15 ppm) Retail Prices (Dollars per Gallon),5.224,$/GAL
2024-04-01,SCA,CALIFORNIA,EPD2DXL0,No 2 Diesel Low Sulfur (0-15 ppm),PTE,Retail Sales,EMD_EPD2DXL0_PTE_SCA_DPG,California No 2 Diesel Ultra Low Sulfur (0-15 ppm) Retail Prices (Dollars per Gallon),5.221,$/GAL
2024-04-08,SCA,CALIFORNIA,EPD2DXL0,No 2 Diesel Low Sulfur (0-15 ppm),PTE,Retail Sales,EMD_EPD2DXL0_PTE_SCA_DPG,California No 2 Diesel Ultra Low Sulfur (0-15 ppm) Retail Prices (Dollars per Gallon),5.259,$/GAL
2024-04-15,SCA,CALIFORNIA,EPD2DXL0,No 2 Diesel Low Sulfur (0-15 ppm),PTE,Retail Sales,EMD_EPD2DXL0_PTE_SCA_DPG,California No 2 Diesel Ultra Low Sulfur (0-15 ppm) Retail Prices (Dollars per Gallon),5.256,$/GAL
2024-04-22,SCA,CALIFORNIA,EPD2DXL0,No 2 Diesel Low Sulfur (0-15 ppm),PTE,Retail Sales,EMD_EPD2DXL0_PTE_SCA_DPG,California No 2 Diesel Ultra Low Sulfur (0-15 ppm) Retail Prices (Dollars per Gallon),5.244,$/GAL
2024-04-29,SCA,CALIFORNIA,EPD2DXL0,No 2 Diesel Low Sulfur (0-15 ppm),PTE,Retail Sales,EMD_EPD2DXL0_PTE_SCA_DPG,California No 2 Diesel Ultra Low Sulfur (0-15 ppm) Retail Prices (Dollars per Gallon),5.216,$/GAL
2024-05-06,SCA,CALIFORNIA,EPD2DXL0,No 2 Diesel Low Sulfur (0-15 ppm),PTE,Retail Sales,EMD_EPD2DXL0_PTE_SCA_DPG,California No 2 Diesel Ultra Low Sulfur (0-15 ppm) Retail Prices (Dollars per Gallon),5.155,$/GAL
2024-05-13,SCA,CALIFORNIA,EPD2DXL0,No 2 Diesel Low Sulfur (0-15 ppm),PTE,Retail Sales,EMD_EPD2DXL0_PTE_SCA_DPG,California No 2 Diesel Ultra Low Sulfur (0-15 ppm) Retail Prices (Dollars per Gallon),5.123,$/GAL
2024-05-20,SCA,CALIFORNIA,EPD2DXL0,No 2 Diesel Low Sulfur (0-15 ppm),PTE,Retail Sales,EMD_EPD2DXL0_PTE_SCA_DPG,California No 2 Diesel Ultra Low Sulfur (0-15 ppm) Retail Prices (Dollars per Gallon),5.049,$/GAL
2024-05-27,SCA,CALIFORNIA,EPD2DXL0,No 2 Diesel Low Sulfur (0-15 ppm),PTE,Retail Sales,EMD_EPD2DXL0_PTE_SCA_DPG,California No 2 Diesel Ultra Low Sulfur (0-15 ppm) Retail Prices (Dollars per Gallon),4.985,$/GAL
2024-06-03,SCA,CALIFORNIA,EPD2DXL0,No 2 Diesel Low Sulfur (0-15 ppm),PTE,Retail Sales,EMD_EPD2DXL0_PTE_SCA_DPG,California No 2 Diesel Ultra Low Sulfur (0-15 ppm) Retail Prices (Dollars per Gallon),4.968,$/GAL
2024-06-10,SCA,CALIFORNIA,EPD2DXL0,No 2 Diesel Low Sulfur (0-15 ppm),PTE,Retail Sales,EMD_EPD2DXL0_PTE_SCA_DPG,California No 2 Diesel Ultra Low Sulfur (0-15 ppm) Retail Prices (Dollars per Gallon),4.911,$/GAL
2024-06-17,SCA,CALIFORNIA,EPD2DXL0,No 2 Diesel Low Sulfur (0-15 ppm),PTE,Retail Sales,EMD_EPD2DXL0_PTE_SCA_DPG,California No 2 Diesel Ultra Low Sulfur (0-15 ppm) Retail Prices (Dollars per Gallon),4.915,$/GAL
2024-06-24,SCA,CALIFORNIA,EPD2DXL0,No 2 Diesel Low Sulfur (0-15 ppm),PTE,Retail Sales,EMD_EPD2DXL0_PTE_SCA_DPG,California No 2 Diesel Ultra Low Sulfur (0-15 ppm) Retail Prices (Dollars per Gallon),4.913,$/GAL
2024-07-01,SCA,CALIFORNIA,EPD2DXL0,No 2 Diesel Low Sulfur (0-15 ppm),PTE,Retail Sales,EMD_EPD2DXL0_PTE_SCA_DPG,California No 2 Diesel Ultra Low Sulfur (0-15 ppm) Retail Prices (Dollars per Gallon),4.915,$/GAL
2024-07-08,SCA,CALIFORNIA,EPD2DXL0,No 2 Diesel Low Sulfur (0-15 ppm),PTE,Retail Sales,EMD_EPD2DXL0_PTE_SCA_DPG,California No 2 Diesel Ultra Low Sulfur (0-15 ppm) Retail Prices (Dollars per Gallon),4.955,$/GAL
2024-07-15,SCA,CALIFORNIA,EPD2DXL0,No 2 Diesel Low Sulfur (0-15 ppm),PTE,Retail Sales,EMD_EPD2DXL0_PTE_SCA_DPG,California No 2 Diesel Ultra Low Sulfur (0-15 ppm) Retail Prices (Dollars per Gallon),4.932,$/GAL
2024-07-22,SCA,CALIFORNIA,EPD2DXL0,No 2 Diesel Low Sulfur (0-15 ppm),PTE,Retail Sales,EMD_EPD2DXL0_PTE_SCA_DPG,California No 2 Diesel Ultra Low Sulfur (0-15 ppm) Retail Prices (Dollars per Gallon),4.874,$/GAL
2024-07-29,SCA,CALIFORNIA,EPD2DXL0,No 2 Diesel Low Sulfur (0-15 ppm),PTE,Retail Sales,EMD_EPD2DXL0_PTE_SCA_DPG,California No 2 Diesel Ultra Low Sulfur (0-15 ppm) Retail Prices (Dollars per Gallon),4.831,$/GAL
2024-08-05,SCA,CALIFORNIA,EPD2DXL0,No 2 Diesel Low Sulfur (0-15 ppm),PTE,Retail Sales,EMD_EPD2DXL0_PTE_SCA_DPG,California No 2 Diesel Ultra Low Sulfur (0-15 ppm) Retail Prices (Dollars per Gallon),4.821,$/GAL
2024-08-12,SCA,CALIFORNIA,EPD2DXL0,No 2 Diesel Low Sulfur (0-15 ppm),PTE,Retail Sales,EMD_EPD2DXL0_PTE_SCA_DPG,California No 2 Diesel Ultra Low Sulfur (0-15 ppm) Retail Prices (Dollars per Gallon),4.763,$/GAL
2024-08-19,SCA,CALIFORNIA,EPD2DXL0,No 2 Diesel Low Sulfur (0-15 ppm),PTE,Retail Sales,EMD_EPD2DXL0_PTE_SCA_DPG,California No 2 Diesel Ultra Low Sulfur (0-15 ppm) Retail Prices (Dollars per Gallon),4.739,$/GAL
2024-08-26,SCA,CALIFORNIA,EPD2DXL0,No 2 Diesel Low Sulfur (0-15 ppm),PTE,Retail Sales,EMD_EPD2DXL0_PTE_SCA_DPG,California No 2 Diesel Ultra Low Sulfur (0-15 ppm) Retail Prices (Dollars per Gallon),4.707,$/GAL
2024-09-02,SCA,CALIFORNIA,EPD2DXL0,No 2 Diesel Low Sulfur (0-15 ppm),PTE,Retail Sales,EMD_EPD2DXL0_PTE_SCA_DPG,California No 2 Diesel Ultra Low Sulfur (0-15 ppm) Retail Prices (Dollars per Gallon),4.749,$/GAL
2024-09-09,SCA,CALIFORNIA,EPD2DXL0,No 2 Diesel Low Sulfur (0-15 ppm),PTE,Retail Sales,EMD_EPD2DXL0_PTE_SCA_DPG,California No 2 Diesel Ultra Low Sulfur (0-15 ppm) Retail Prices (Dollars per Gallon),4.739,$/GAL
2024-09-16,SCA,CALIFORNIA,EPD2DXL0,No 2 Diesel Low Sulfur (0-15 ppm),PTE,Retail Sales,EMD_EPD2DXL0_PTE_SCA_DPG,California No 2 Diesel Ultra Low Sulfur (0-15 ppm) Retail Prices (Dollars per Gallon),4.733,$/GAL
2024-09-23,SCA,CALIFORNIA,EPD2DXL0,No 2 Diesel Low Sulfur (0-15 ppm),PTE,Retail Sales,EMD_EPD2DXL0_PTE_SCA_DPG,California No 2 Diesel Ultra Low Sulfur (0-15 ppm) Retail Prices (Dollars per Gallon),4.727,$/GAL
2024-09-30,SCA,CALIFORNIA,EPD2DXL0,No 2 Diesel Low Sulfur (0-15 ppm),PTE,Retail Sales,EMD_EPD2DXL0_PTE_SCA_DPG,California No 2 Diesel Ultra Low Sulfur (0-15 ppm) Retail Prices (Dollars per Gallon),4.719,$/GAL
2024-10-07,SCA,CALIFORNIA,EPD2DXL0,No 2 Diesel Low Sulfur (0-15 ppm),PTE,Retail Sales,EMD_EPD2DXL0_PTE_SCA_DPG,California No 2 Diesel Ultra Low Sulfur (0-15 ppm) Retail Prices (Dollars per Gallon),4.742,$/GAL
2024-10-14,SCA,CALIFORNIA,EPD2DXL0,No 2 Diesel Low Sulfur (0-15 ppm),PTE,Retail Sales,EMD_EPD2DXL0_PTE_SCA_DPG,California No 2 Diesel Ultra Low Sulfur (0-15 ppm) Retail Prices (Dollars per Gallon),4.734,$/GAL
2024-10-21,SCA,CALIFORNIA,EPD2DXL0,No 2 Diesel Low Sulfur (0-15 ppm),PTE,Retail Sales,EMD_EPD2DXL0_PTE_SCA_DPG,California No 2 Diesel Ultra Low Sulfur (0-15 ppm) Retail Prices (Dollars per Gallon),4.698,$/GAL
2024-10-28,SCA,CALIFORNIA,EPD2DXL0,No 2 Diesel Low Sulfur (0-15 ppm),PTE,Retail Sales,EMD_EPD2DXL0_PTE_SCA_DPG,California No 2 Diesel Ultra Low Sulfur (0-15 ppm) Retail Prices (Dollars per Gallon),4.682,$/GAL
2024-11-04,SCA,CALIFORNIA,EPD2DXL0,No 2 Diesel Low Sulfur (0-15 ppm),PTE,Retail Sales,EMD_EPD2DXL0_PTE_SCA_DPG,California No 2 Diesel Ultra Low Sulfur (0-15 ppm) Retail Prices (Dollars per Gallon),4.681,$/GAL
2024-11-11,SCA,CALIFORNIA,EPD2DXL0,No 2 Diesel Low Sulfur (0-15 ppm),PTE,Retail Sales,EMD_EPD2DXL0_PTE_SCA_DPG,California No 2 Diesel Ultra Low Sulfur (0-15 ppm) Retail Prices (Dollars per Gallon),4.666,$/GAL
2024-11-18,SCA,CALIFORNIA,EPD2DXL0,No 2 Diesel Low Sulfur (0-15 ppm),PTE,Retail Sales,EMD_EPD2DXL0_PTE_SCA_DPG,California No 2 Diesel Ultra Low Sulfur (0-15 ppm) Retail Prices (Dollars per Gallon),4.659,$/GAL
2024-11-25,SCA,CALIFORNIA,EPD2DXL0,No 2 Diesel Low Sulfur (0-15 ppm),PTE,Retail Sales,EMD_EPD2DXL0_PTE_SCA_DPG,California No 2 Diesel Ultra Low Sulfur (0-15 ppm) Retail Prices (Dollars per Gallon),4.662,$/GAL
2024-12-02,SCA,CALIFORNIA,EPD2DXL0,No 2 Diesel Low Sulfur (0-15 ppm),PTE,Retail Sales,EMD_EPD2DXL0_PTE_SCA_DPG,California No 2 Diesel Ultra Low Sulfur (0-15 ppm) Retail Prices (Dollars per Gallon),4.652,$/GAL
2024-12-09,SCA,CALIFORNIA,EPD2DXL0,No 2 Diesel Low Sulfur (0-15 ppm),PTE,Retail Sales,EMD_EPD2DXL0_PTE_SCA_DPG,California No 2 Diesel Ultra Low Sulfur (0-15 ppm) Retail Prices (Dollars per Gallon),4.623,$/GAL
2024-12-16,SCA,CALIFORNIA,EPD2DXL0,No 2 Diesel Low Sulfur (0-15 ppm),PTE,Retail Sales,EMD_EPD2DXL0_PTE_SCA_DPG,California No 2 Diesel Ultra Low Sulfur (0-15 ppm) Retail Prices (Dollars per Gallon),4.597,$/GAL
2024-12-23,SCA,CALIFORNIA,EPD2DXL0,No 2 Diesel Low Sulfur (0-15 ppm),PTE,Retail Sales,EMD_EPD2DXL0_PTE_SCA_DPG,California No 2 Diesel Ultra Low Sulfur (0-15 ppm) Retail Prices (Dollars per Gallon),4.58,$/GAL
2024-12-30,SCA,CALIFORNIA,EPD2DXL0,No 2 Diesel Low Sulfur (0-15 ppm),PTE,Retail Sales,EMD_EPD2DXL0_PTE_SCA_DPG,California No 2 Diesel Ultra Low Sulfur (0-15 ppm) Retail Prices (Dollars per Gallon),4.576,$/GAL
2025-01-06,SCA,CALIFORNIA,EPD2DXL0,No 2 Diesel Low Sulfur (0-15 ppm),PTE,Retail Sales,EMD_EPD2DXL0_PTE_SCA_DPG,California No 2 Diesel Ultra Low Sulfur (0-15 ppm) Retail Prices (Dollars per Gallon),4.618,$/GAL
2025-01-13,SCA,CALIFORNIA,EPD2DXL0,No 2 Diesel Low Sulfur (0-15 ppm),PTE,Retail Sales,EMD_EPD2DXL0_PTE_SCA_DPG,California No 2 Diesel Ultra Low Sulfur (0-15 ppm) Retail Prices (Dollars per Gallon),4.716,$/GAL
2025-01-20,SCA,CALIFORNIA,EPD2DXL0,No 2 Diesel Low Sulfur (0-15 ppm),PTE,Retail Sales,EMD_EPD2DXL0_PTE_SCA_DPG,California No 2 Diesel Ultra Low Sulfur (0-15 ppm) Retail Prices (Dollars per Gallon),4.807,$/GAL
2025-01-27,SCA,CALIFORNIA,EPD2DXL0,No 2 Diesel Low Sulfur (0-15 ppm),PTE,Retail Sales,EMD_EPD2DXL0_PTE_SCA_DPG,California No 2 Diesel Ultra Low Sulfur (0-15 ppm) Retail Prices (Dollars per Gallon),4.793,$/GAL
2025-02-03,SCA,CALIFORNIA,EPD2DXL0,No 2 Diesel Low Sulfur (0-15 ppm),PTE,Retail Sales,EMD_EPD2DXL0_PTE_SCA_DPG,California No 2 Diesel Ultra Low Sulfur (0-15 ppm) Retail Prices (Dollars per Gallon),4.787,$/GAL
2025-02-10,SCA,CALIFORNIA,EPD2DXL0,No 2 Diesel Low Sulfur (0-15 ppm),PTE,Retail Sales,EMD_EPD2DXL0_PTE_SCA_DPG,California No 2 Diesel Ultra Low Sulfur (0-15 ppm) Retail Prices (Dollars per Gallon),4.796,$/GAL
2025-02-17,SCA,CALIFORNIA,EPD2DXL0,No 2 Diesel Low Sulfur (0-15 ppm),PTE,Retail Sales,EMD_EPD2DXL0_PTE_SCA_DPG,California No 2 Diesel Ultra Low Sulfur (0-15 ppm) Retail Prices (Dollars per Gallon),4.839,$/GAL
2025-02-24,SCA,CALIFORNIA,EPD2DXL0,No 2 Diesel Low Sulfur (0-15 ppm),PTE,Retail Sales,EMD_EPD2DXL0_PTE_SCA_DPG,California No 2 Diesel Ultra Low Sulfur (0-15 ppm) Retail Prices (Dollars per Gallon),4.877,$/GAL
2025-03-03,SCA,CALIFORNIA,EPD2DXL0,No 2 Diesel Low Sulfur (0-15 ppm),PTE,Retail Sales,EMD_EPD2DXL0_PTE_SCA_DPG,California No 2 Diesel Ultra Low Sulfur (0-15 ppm) Retail Prices (Dollars per Gallon),4.85,$/GAL
2025-03-10,SCA,CALIFORNIA,EPD2DXL0,No 2 Diesel Low Sulfur (0-15 ppm),PTE,Retail Sales,EMD_EPD2DXL0_PTE_SCA_DPG,California No 2 Diesel Ultra Low Sulfur (0-15 ppm) Retail Prices (Dollars per Gallon),4.807,$/GAL
2025-03-17,SCA,CALIFORNIA,EPD2DXL0,No 2 Diesel Low Sulfur (0-15 ppm),PTE,Retail Sales,EMD_EPD2DXL0_PTE_SCA_DPG,California No 2 Diesel Ultra Low Sulfur (0-15 ppm) Retail Prices (Dollars per Gallon),4.766,$/GAL
2025-03-24,SCA,CALIFORNIA,EPD2DXL0,No 2 Diesel Low Sulfur (0-15 ppm),PTE,Retail Sales,EMD_EPD2DXL0_PTE_SCA_DPG,California No 2 Diesel Ultra Low Sulfur (0-15 ppm) Retail Prices (Dollars per Gallon),4.776,$/GAL
2025-03-31,SCA,CALIFORNIA,EPD2DXL0,No 2 Diesel Low Sulfur (0-15 ppm),PTE,Retail Sales,EMD_EPD2DXL0_PTE_SCA_DPG,California No 2 Diesel Ultra Low Sulfur (0-15 ppm) Retail Prices (Dollars per Gallon),4.776,$/GAL
2025-04-07,SCA,CALIFORNIA,EPD2DXL0,No 2 Diesel Low Sulfur (0-15 ppm),PTE,Retail Sales,EMD_EPD2DXL0_PTE_SCA_DPG,California No 2 Diesel Ultra Low Sulfur (0-15 ppm) Retail Prices (Dollars per Gallon),4.827,$/GAL
2025-04-14,SCA,CALIFORNIA,EPD2DXL0,No 2 Diesel Low Sulfur (0-15 ppm),PTE,Retail Sales,EMD_EPD2DXL0_PTE_SCA_DPG,California No 2 Diesel Ultra Low Sulfur (0-15 ppm) Retail Prices (Dollars per Gallon),4.797,$/GAL
2025-04-21,SCA,CALIFORNIA,EPD2DXL0,No 2 Diesel Low Sulfur (0-15 ppm),PTE,Retail Sales,EMD_EPD2DXL0_PTE_SCA_DPG,California No 2 Diesel Ultra Low Sulfur (0-15 ppm) Retail Prices (Dollars per Gallon),4.755,$/GAL
2025-04-28,SCA,CALIFORNIA,EPD2DXL0,No 2 Diesel Low Sulfur (0-15 ppm),PTE,Retail Sales,EMD_EPD2DXL0_PTE_SCA_DPG,California No 2 Diesel Ultra Low Sulfur (0-15 ppm) Retail Prices (Dollars per Gallon),4.74,$/GAL
2025-05-05,SCA,CALIFORNIA,EPD2DXL0,No 2 Diesel Low Sulfur (0-15 ppm),PTE,Retail Sales,EMD_EPD2DXL0_PTE_SCA_DPG,California No 2 Diesel Ultra Low Sulfur (0-15 ppm) Retail Prices (Dollars per Gallon),4.728,$/GAL
2025-05-12,SCA,CALIFORNIA,EPD2DXL0,No 2 Diesel Low Sulfur (0-15 ppm),PTE,Retail Sales,EMD_EPD2DXL0_PTE_SCA_DPG,California No 2 Diesel Ultra Low Sulfur (0-15 ppm) Retail Prices (Dollars per Gallon),4.76,$/GAL
2025-05-19,SCA,CALIFORNIA,EPD2DXL0,No 2 Diesel Low Sulfur (0-15 ppm),PTE,Retail Sales,EMD_EPD2DXL0_PTE_SCA_DPG,California No 2 Diesel Ultra Low Sulfur (0-15 ppm) Retail Prices (Dollars per Gallon),4.835,$/GAL
2025-05-26,SCA,CALIFORNIA,EPD2DXL0,No 2 Diesel Low Sulfur (0-15 ppm),PTE,Retail Sales,EMD_EPD2DXL0_PTE_SCA_DPG,California No 2 Diesel Ultra Low Sulfur (0-15 ppm) Retail Prices (Dollars per Gallon),4.808,$/GAL
2025-06-02,SCA,CALIFORNIA,EPD2DXL0,No 2 Diesel Low Sulfur (0-15 ppm),PTE,Retail Sales,EMD_EPD2DXL0_PTE_SCA_DPG,California No 2 Diesel Ultra Low Sulfur (0-15 ppm) Retail Prices (Dollars per Gallon),4.768,$/GAL
2025-06-09,SCA,CALIFORNIA,EPD2DXL0,No 2 Diesel Low Sulfur (0-15 ppm),PTE,Retail Sales,EMD_EPD2DXL0_PTE_SCA_DPG,California No 2 Diesel Ultra Low Sulfur (0-15 ppm) Retail Prices (Dollars per Gallon),4.739,$/GAL
2025-06-16,SCA,CALIFORNIA,EPD2DXL0,No 2 Diesel Low Sulfur (0-15 ppm),PTE,Retail Sales,EMD_EPD2DXL0_PTE_SCA_DPG,California No 2 Diesel Ultra Low Sulfur (0-15 ppm) Retail Prices (Dollars per Gallon),4.781,$/GAL
2025-06-23,SCA,CALIFORNIA,EPD2DXL0,No 2 Diesel Low Sulfur (0-15 ppm),PTE,Retail Sales,EMD_EPD2DXL0_PTE_SCA_DPG,California No 2 Diesel Ultra Low Sulfur (0-15 ppm) Retail Prices (Dollars per Gallon),4.893,$/GAL
2025-06-30,SCA,CALIFORNIA,EPD2DXL0,No 2 Diesel Low Sulfur (0-15 ppm),PTE,Retail Sales,EMD_EPD2DXL0_PTE_SCA_DPG,California No 2 Diesel Ultra Low Sulfur (0-15 ppm) Retail Prices (Dollars per Gallon),4.866,$/GAL
2025-07-07,SCA,CALIFORNIA,EPD2DXL0,No 2 Diesel Low Sulfur (0-15 ppm),PTE,Retail Sales,EMD_EPD2DXL0_PTE_SCA_DPG,California No 2 Diesel Ultra Low Sulfur (0-15 ppm) Retail Prices (Dollars per Gallon),4.892,$/GAL
2025-07-14,SCA,CALIFORNIA,EPD2DXL0,No 2 Diesel Low Sulfur (0-15 ppm),PTE,Retail Sales,EMD_EPD2DXL0_PTE_SCA_DPG,California No 2 Diesel Ultra Low Sulfur (0-15 ppm) Retail Prices (Dollars per Gallon),4.932,$/GAL
2025-07-21,SCA,CALIFORNIA,EPD2DXL0,No 2 Diesel Low Sulfur (0-15 ppm),PTE,Retail Sales,EMD_EPD2DXL0_PTE_SCA_DPG,California No 2 Diesel Ultra Low Sulfur (0-15 ppm) Retail Prices (Dollars per Gallon),4.963,$/GAL
2025-07-28,SCA,CALIFORNIA,EPD2DXL0,No 2 Diesel Low Sulfur (0-15 ppm),PTE,Retail Sales,EMD_EPD2DXL0_PTE_SCA_DPG,California No 2 Diesel Ultra Low Sulfur (0-15 ppm) Retail Prices (Dollars per Gallon),4.957,$/GAL
2025-08-04,SCA,CALIFORNIA,EPD2DXL0,No 2 Diesel Low Sulfur (0-15 ppm),PTE,Retail Sales,EMD_EPD2DXL0_PTE_SCA_DPG,California No 2 Diesel Ultra Low Sulfur (0-15 ppm) Retail Prices (Dollars per Gallon),4.946,$/GAL
2025-08-11,SCA,CALIFORNIA,EPD2DXL0,No 2 Diesel Low Sulfur (0-15 ppm),PTE,Retail Sales,EMD_EPD2DXL0_PTE_SCA_DPG,California No 2 Diesel Ultra Low Sulfur (0-15 ppm) Retail Prices (Dollars per Gallon),4.889,$/GAL
2025-08-18,SCA,CALIFORNIA,EPD2DXL0,No 2 Diesel Low Sulfur (0-15 ppm),PTE,Retail Sales,EMD_EPD2DXL0_PTE_SCA_DPG,California No 2 Diesel Ultra Low Sulfur (0-15 ppm) Retail Prices (Dollars per Gallon),4.871,$/GAL
2025-08-25,SCA,CALIFORNIA,EPD2DXL0,No 2 Diesel Low Sulfur (0-15 ppm),PTE,Retail Sales,EMD_EPD2DXL0_PTE_SCA_DPG,California No 2 Diesel Ultra Low Sulfur (0-15 ppm) Retail Prices (Dollars per Gallon),4.873,$/GAL
2025-09-01,SCA,CALIFORNIA,EPD2DXL0,No 2 Diesel Low Sulfur (0-15 ppm),PTE,Retail Sales,EMD_EPD2DXL0_PTE_SCA_DPG,California No 2 Diesel Ultra Low Sulfur (0-15 ppm) Retail Prices (Dollars per Gallon),4.914,$/GAL
2025-09-08,SCA,CALIFORNIA,EPD2DXL0,No 2 Diesel Low Sulfur (0-15 ppm),PTE,Retail Sales,EMD_EPD2DXL0_PTE_SCA_DPG,California No 2 Diesel Ultra Low Sulfur (0-15 ppm) Retail Prices (Dollars per Gallon),4.958,$/GAL
2025-09-15,SCA,CALIFORNIA,EPD2DXL0,No 2 Diesel Low Sulfur (0-15 ppm),PTE,Retail Sales,EMD_EPD2DXL0_PTE_SCA_DPG,California No 2 Diesel Ultra Low Sulfur (0-15 ppm) Retail Prices (Dollars per Gallon),4.971,$/GAL
2025-09-22,SCA,CALIFORNIA,EPD2DXL0,No 2 Diesel Low Sulfur (0-15 ppm),PTE,Retail Sales,EMD_EPD2DXL0_PTE_SCA_DPG,California No 2 Diesel Ultra Low Sulfur (0-15 ppm) Retail Prices (Dollars per Gallon),4.985,$/GAL
2025-09-29,SCA,CALIFORNIA,EPD2DXL0,No 2 Diesel Low Sulfur (0-15 ppm),PTE,Retail Sales,EMD_EPD2DXL0_PTE_SCA_DPG,California No 2 Diesel Ultra Low Sulfur (0-15 ppm) Retail Prices (Dollars per Gallon),4.981,$/GAL
2025-10-06,SCA,CALIFORNIA,EPD2DXL0,No 2 Diesel Low Sulfur (0-15 ppm),PTE,Retail Sales,EMD_EPD2DXL0_PTE_SCA_DPG,California No 2 Diesel Ultra Low Sulfur (0-15 ppm) Retail Prices (Dollars per Gallon),4.971,$/GAL
2025-10-13,SCA,CALIFORNIA,EPD2DXL0,No 2 Diesel Low Sulfur (0-15 ppm),PTE,Retail Sales,EMD_EPD2DXL0_PTE_SCA_DPG,California No 2 Diesel Ultra Low Sulfur (0-15 ppm) Retail Prices (Dollars per Gallon),4.94,$/GAL
2025-10-20,SCA,CALIFORNIA,EPD2DXL0,No 2 Diesel Low Sulfur (0-15 ppm),PTE,Retail Sales,EMD_EPD2DXL0_PTE_SCA_DPG,California No 2 Diesel Ultra Low Sulfur (0-15 ppm) Retail Prices (Dollars per Gallon),4.898,$/GAL
2025-10-27,SCA,CALIFORNIA,EPD2DXL0,No 2 Diesel Low Sulfur (0-15 ppm),PTE,Retail Sales,EMD_EPD2DXL0_PTE_SCA_DPG,California No 2 Diesel Ultra Low Sulfur (0-15 ppm) Retail Prices (Dollars per Gallon),4.934,$/GAL
2025-11-03,SCA,CALIFORNIA,EPD2DXL0,No 2 Diesel Low Sulfur (0-15 ppm),PTE,Retail Sales,EMD_EPD2DXL0_PTE_SCA_DPG,California No 2 Diesel Ultra Low Sulfur (0-15 ppm) Retail Prices (Dollars per Gallon),4.933,$/GAL
2025-11-10,SCA,CALIFORNIA,EPD2DXL0,No 2 Diesel Low Sulfur (0-15 ppm),PTE,Retail Sales,EMD_EPD2DXL0_PTE_SCA_DPG,California No 2 Diesel Ultra Low Sulfur (0-15 ppm) Retail Prices (Dollars per Gallon),4.988,$/GAL
2025-11-17,SCA,CALIFORNIA,EPD2DXL0,No 2 Diesel Low Sulfur (0-15 ppm),PTE,Retail Sales,EMD_EPD2DXL0_PTE_SCA_DPG,California No 2 Diesel Ultra Low Sulfur (0-15 ppm) Retail Prices (Dollars per Gallon),4.996,$/GAL
2025-11-24,SCA,CALIFORNIA,EPD2DXL0,No 2 Diesel Low Sulfur (0-15 ppm),PTE,Retail Sales,EMD_EPD2DXL0_PTE_SCA_DPG,California No 2 Diesel Ultra Low Sulfur (0-15 ppm) Retail Prices (Dollars per Gallon),4.983,$/GAL
2025-12-01,SCA,CALIFORNIA,EPD2DXL0,No 2 Diesel Low Sulfur (0-15 ppm),PTE,Retail Sales,EMD_EPD2DXL0_PTE_SCA_DPG,California No 2 Diesel Ultra Low Sulfur (0-15 ppm) Retail Prices (Dollars per Gallon),4.919,$/GAL
2025-12-08,SCA,CALIFORNIA,EPD2DXL0,No 2 Diesel Low Sulfur (0-15 ppm),PTE,Retail Sales,EMD_EPD2DXL0_PTE_SCA_DPG,California No 2 Diesel Ultra Low Sulfur (0-15 ppm) Retail Prices (Dollars per Gallon),4.862,$/GAL
2025-12-15,SCA,CALIFORNIA,EPD2DXL0,No 2 Diesel Low Sulfur (0-15 ppm),PTE,Retail Sales,EMD_EPD2DXL0_PTE_SCA_DPG,California No 2 Diesel Ultra Low Sulfur (0-15 ppm) Retail Prices (Dollars per Gallon),4.781,$/GAL
2025-12-22,SCA,CALIFORNIA,EPD2DXL0,No 2 Diesel Low Sulfur (0-15 ppm),PTE,Retail Sales,EMD_EPD2DXL0_PTE_SCA_DPG,California No 2 Diesel Ultra Low Sulfur (0-15 ppm) Retail Prices (Dollars per Gallon),4.711,$/GAL
2025-12-29,SCA,CALIFORNIA,EPD2DXL0,No 2 Diesel Low Sulfur (0-15 ppm),PTE,Retail Sales,EMD_EPD2DXL0_PTE_SCA_DPG,California No 2 Diesel Ultra Low Sulfur (0-15 ppm) Retail Prices (Dollars per Gallon),4.66,$/GAL
2026-01-05,SCA,CALIFORNIA,EPD2DXL0,No 2 Diesel Low Sulfur (0-15 ppm),PTE,Retail Sales,EMD_EPD2DXL0_PTE_SCA_DPG,California No 2 Diesel Ultra Low Sulfur (0-15 ppm) Retail Prices (Dollars per Gallon),4.641,$/GAL
2026-01-12,SCA,CALIFORNIA,EPD2DXL0,No 2 Diesel Low Sulfur (0-15 ppm),PTE,Retail Sales,EMD_EPD2DXL0_PTE_SCA_DPG,California No 2 Diesel Ultra Low Sulfur (0-15 ppm) Retail Prices (Dollars per Gallon),4.613,$/GAL
2026-01-19,SCA,CALIFORNIA,EPD2DXL0,No 2 Diesel Low Sulfur (0-15 ppm),PTE,Retail Sales,EMD_EPD2DXL0_PTE_SCA_DPG,California No 2 Diesel Ultra Low Sulfur (0-15 ppm) Retail Prices (Dollars per Gallon),4.658,$/GAL
2026-01-26,SCA,CALIFORNIA,EPD2DXL0,No 2 Diesel Low Sulfur (0-15 ppm),PTE,Retail Sales,EMD_EPD2DXL0_PTE_SCA_DPG,California No 2 Diesel Ultra Low Sulfur (0-15 ppm) Retail Prices (Dollars per Gallon),4.712,$/GAL
2026-02-02,SCA,CALIFORNIA,EPD2DXL0,No 2 Diesel Low Sulfur (0-15 ppm),PTE,Retail Sales,EMD_EPD2DXL0_PTE_SCA_DPG,California No 2 Diesel Ultra Low Sulfur (0-15 ppm) Retail Prices (Dollars per Gallon),4.83,$/GAL
2026-02-09,SCA,CALIFORNIA,EPD2DXL0,No 2 Diesel Low Sulfur (0-15 ppm),PTE,Retail Sales,EMD_EPD2DXL0_PTE_SCA_DPG,California No 2 Diesel Ultra Low Sulfur (0-15 ppm) Retail Prices (Dollars per Gallon),4.845,$/GAL
2026-02-16,SCA,CALIFORNIA,EPD2DXL0,No 2 Diesel Low Sulfur (0-15 ppm),PTE,Retail Sales,EMD_EPD2DXL0_PTE_SCA_DPG,California No 2 Diesel Ultra Low Sulfur (0-15 ppm) Retail Prices (Dollars per Gallon),4.86,$/GAL
2026-02-23,SCA,CALIFORNIA,EPD2DXL0,No 2 Diesel Low Sulfur (0-15 ppm),PTE,Retail Sales,EMD_EPD2DXL0_PTE_SCA_DPG,California No 2 Diesel Ultra Low Sulfur (0-15 ppm) Retail Prices (Dollars per Gallon),4.944,$/GAL
2026-03-02,SCA,CALIFORNIA,EPD2DXL0,No 2 Diesel Low Sulfur (0-15 ppm),PTE,Retail Sales,EMD_EPD2DXL0_PTE_SCA_DPG,California No 2 Diesel Ultra Low Sulfur (0-15 ppm) Retail Prices (Dollars per Gallon),4.99,$/GAL
2026-03-09,SCA,CALIFORNIA,EPD2DXL0,No 2 Diesel Low Sulfur (0-15 ppm),PTE,Retail Sales,EMD_EPD2DXL0_PTE_SCA_DPG,California No 2 Diesel Ultra Low Sulfur (0-15 ppm) Retail Prices (Dollars per Gallon),6.096,$/GAL
2026-03-16,SCA,CALIFORNIA,EPD2DXL0,No 2 Diesel Low Sulfur (0-15 ppm),PTE,Retail Sales,EMD_EPD2DXL0_PTE_SCA_DPG,California No 2 Diesel Ultra Low Sulfur (0-15 ppm) Retail Prices (Dollars per Gallon),6.428,$/GAL
